date,source,title,link,description
2026-09-28,네이버뉴스,"재경위, 배민 대표 등 국감 증인 채택…김용범은 여야 이견(종합)",https://www.yna.co.kr/view/AKR20260928125051001?input=1195m,"임낙호 현대건설 토목사업본부장은 GTX-A 삼성역 철근 누락 시공 및 관리 책임을 묻기 위해, 윤용섭 국가경찰위원장은 국가경찰위 실질화 관련 질의를 위해 각각 증인으로 채택됐다."
2026-09-28,네이버뉴스,용인반도체 공사 CMR 대우건설 컨소시엄 수주,http://www.engdaily.com/news/articleView.html?idxno=23414,대우건설 컨소시엄이 용인반도체 산업단지 건설공사에서 한국종합기술이 참여한 현대건설 측을 이기고 낙찰적격자로 선정됐다. 지난 23일 LH는 시공책임형 건설사업관리(CMR)로 발주된 용인 첨단시스템반도체 클러스터... 
2026-09-28,네이버뉴스,"이강석 대우건설 대표, '토목 가뭄' 뚫었다...하반기도 공공사업 집중",https://www.insightkorea.co.kr/news/articleView.html?idxno=255395,지난해 PQ 탈락 후 재도전…현대건설 제치고 낙찰적격자 28일 업계에 따르면 한국토지주택공사(LH)는 지난 23일 시공책임형 건설사업관리(CMR) 방식으로 발주한 '용인 첨단시스템반도체 클러스터 국가산업단지 1공구... 
2026-09-28,네이버뉴스,불황 속 빛나는 브랜드 프리미엄… 고덕신도시 4500세대 '힐스테이트 브...,http://www.ikld.kr/news/articleView.html?idxno=341415,"시티오씨엘은 국내 대형 건설사인 IPARK현대산업개발, 현대건설, 포스코이앤씨가 용현·학익 1블록을 개발하는 민간 도시개발사업 브랜드로 1만 3,000가구 규모의 브랜드타운을 조성 중이다. 또한 충북 청주시 가경동의... "
2026-09-28,네이버뉴스,'결로·누수' 못 피한 '고급 브랜드 아파트' 하자심사 7천800건 넘어,https://www.inews365.com/news/article.html?no=937375,"건설사별로는 대우건설이 1천60건으로 가장 많았고, 현대건설이 1천34건으로 각각 1천건 이상의 하자 심사가 접수됐다. 이어 HDC현대산업개발 738건, 롯데건설 723건, 포스코이앤씨 630건, 금호건설 599건, GS건설 490건... "
2026-09-28,네이버뉴스,"신반포2차, 사업시행인가 초읽기…현대건설 '디에이치 르블랑' 구체화",https://www.newsway.co.kr/news/view?ud=2026092817160443194,시공사인 현대건설도 조합의 사업 일정에 맞춰 단지 설계와 상품 계획을 구체화하고 있다. 28일 정비업계에 따르면 신반포2차 재건축 조합은 지난 19일 임시총회에서 사업시행계획서 작성 및 인가 신청 안건을... 
2026-09-28,네이버뉴스,"김주영, 대형 건설사도 못 막은 ‘익숙한 위험’…최근 5년간 20대 건설...",https://www.dailyt.co.kr/newsView/dlt202609280022,"기업별로는 대우건설 현장에서 15명이 사망해 가장 많았고, 현대건설(13명), 현대엔지니어링·DL이앤씨(각 11명), 롯데건설·포스코이앤씨·HDC현대산업개발(각 10명)이 뒤를 이었다. 이들 7개 건설사에서 발생한 사망자는... "
2026-09-28,네이버뉴스,"행안위, '장윤기 사건·삼성역 철근 누락' 관계자 국정감사 증인 채택",https://www.mt.co.kr/politics/2026/09/28/2026092816330056175,또 지난 6·3 지방선거 과정에서 불거진 서울 삼성역 철근 누락 시공 논란을 따지기 위해 현대건설 토목사업본부장도 증인으로 채택됐다. 참고인으로는 총 8명이 채택됐다. 부천 W(더블유)진병원에서 격리·강박 치료 중... 
2026-09-28,네이버뉴스,[2026국감] 20대 건설사서 5년간 121명 숨져…추락·충돌 등 '익숙한 위험...,https://www.straightnews.co.kr/news/articleView.html?idxno=312078,"현대건설 13명, 현대엔지니어링과 DL이앤씨 각각 11명, 롯데건설·포스코이앤씨·HDC현대산업개발 각각 10명 순이었다. 이들 7개 건설사에서 발생한 사망자는 80명으로 전체의 66.1%를 차지했다. 특히 현대건설과... "
2026-09-28,네이버뉴스,"[이슈] 목동 재건축 수주전, 추석 뒤 재개… 30일 4·8단지 현장설명회,...",https://www.startuptoday.co.kr/news/articleView.html?idxno=814336,"6단지는 DL이앤씨가 두 차례 단독 응찰한 끝에 지난 6월 시공사로 확정됐고, 10단지도 현대건설이 연속 단독 응찰 뒤 우선협상대상자가 됐다. 12단지는 GS건설, 13단지는 삼성물산이 각각 홀로 입찰했다. 업계에서는... "
2026-09-28,네이버뉴스,"시공능력 상위 30개 건설사, 4년 반 하자심사 7850건",https://www.kukinews.com/article/view/kuk202609280198,"대우건설과 현대건설은 각각 1000건 이상의 하자심사가 접수됐다. 28일 국회 국토교통위원회 소속 전용기 더불어민주당 의원이 국토교통부로부터 제출받은 자료에 따르면, 2022년 1월부터 올해 6월까지 2026년... "
2026-09-28,네이버뉴스,브랜드 아파트도 못 피해간 하자…4년 반 동안 7850건 달해,http://www.newscape.co.kr/news/articleView.html?idxno=124792,"건설사별로는 대우건설이 1060건으로 가장 많았고 현대건설이 1034건으로 뒤를 이었다. 이어 IPARK현대산업개발 783건, 롯데건설 723건, 포스코이앤씨 630건, 금호건설 599건, GS건설 490건 순서였다. 이들 7개 사의 접수... "
2026-09-28,네이버뉴스,"국회 행안위, 국감 증인ㆍ참고인 채택... '장윤기 사건' 경찰 관계자 포...",https://www.hg-times.com/news/articleView.html?idxno=305620,또한 서울 삼성역 철근 누락 시공 및 관리 책임과 관련해서는 현대건설 토목사업 본부 관계자 등을 증인으로 채택했다. 한편 행안위 국정감사는 오는 10월6일부터 시작해 같은 달 26일 종합감사를 실시한다.
2026-09-28,네이버뉴스,"현대건설, '힐스테이트 고덕엘리스트' 당첨자발표 앞둬",https://www.ksilbo.co.kr/news/articleView.html?idxno=1068336,현대건설이 경기도 평택시 고덕국제신도시(고덕국제화지구 A12·65블록)에 공급하는 '힐스테이트 고덕엘리스트'가 당첨자 발표를 앞두고 분양을 이어가고 있다. 해당 단지는 지난 18일 견본주택을 열고 본격적인 분양... 
2026-09-28,네이버뉴스,“서울 집값 부담에 인천으로”…거래량 10% 늘고 신고가 6배↑,https://www.mk.co.kr/article/12162808,"이 가운데 IPARK현대산업개발·현대건설·포스코이앤씨는 인천 용현·학익 1블록 도시개발사업 공동3BL 일원에서 ‘시티오씨엘 9단지 오션파크뷰’를 분양 중이다. 단지는 지하 2층~지상 49층, 9개 동, 전용면적 59~136... "
2026-09-28,네이버뉴스,"포스코이앤씨, 목동 수주전 참전...목동2·4·11·14 노린다",https://www.newsway.co.kr/news/view?ud=2026092816020351548,목동4단지는 현대건설과 GS건설도 참여를 검토하는 것으로 알려졌다. 포스코이앤씨는 목동4단지에 이어 목동2·11·14단지로 수주 범위를 넓힐 계획이다. 입찰을 검토하는 단지들이 대형건설사의 경쟁 입찰이... 
2026-09-28,네이버뉴스,"[기획] 현대건설, 원전 본계약 전에 수주 목표 68% 채웠다",https://www.startuptoday.co.kr/news/articleView.html?idxno=814329,현대건설이 대형원전과 소형모듈원전(SMR) 본계약을 맺기 전인 상반기에 이미 연간 수주 목표의 70%에 가까운 일감을 확보했다. 현대제철이 미국 루이지애나에 짓는 전기로 제철소와 서울 복정역세권 개발사업... 
2026-09-28,네이버뉴스,"국회, 국감 증인 채택 속도…배민·구글 경영진 불러 조세 적정성 검증",https://www.etnews.com/20260928000354,서울 삼성역 철근 누락 시공과 관리 책임을 묻기 위해 현대건설 토목사업본부 관계자 등도 증인으로 부르기로 했다. 일명 '장윤기 사건'과 관련해서는 광주광산경찰서 형사과 관계자 등을 증인으로 채택했다. 참고인에는... 
2026-09-28,네이버뉴스,"美 금리 부담 속, 코스피 '뚝'...대우건설·현대건설은 '활짝'",http://www.choicenews.co.kr/news/articleView.html?idxno=171751,"미국 전력 인프라 투자 및 데이터센터 수주 기대 등으로 대우건설(7.11%), GS건설(2.75%), 현대건설(2.89%) 등이 급등했다. ESS(에너지저장장치) 기대감이 재부각된 2차전지주 중에선 LG에너지솔루션(3.56%), 삼성SDI(2.30... "
2026-09-28,네이버뉴스,"입찰은 '조용', 홍보관은 '북적'…달아오른 목동 재건축 '장외 수주전'",https://www.pinpointnews.co.kr/news/articleView.html?idxno=490848,목동4단지를 놓고는 현대건설과 포스코이앤씨 등이 관심을 보이고 있다. 다만 현장설명회 이후 실제 입찰 참여 여부는 아직 확정되지 않았다. 결국 11월 입찰 결과가 목동 재건축 사업장에서 건설사 간 경쟁이 실제로... 
2026-09-28,네이버뉴스,"국회, '장윤기 사건'·'삼성역 철근 누락' 관계자 국감 증인 채택",https://www.news1.kr/politics/assembly/6303508,또한 서울 삼성역 철근 누락 시공의 책임을 따지기 위해 현대건설 토목사업 관계자도 일반증인으로 채택했다. 참고인으로는 총 8명이 채택됐다. 참고인에는 부천 W(더블유)진병원에서 격리·강박 치료 중 숨진 피해자의... 
2026-09-28,네이버뉴스,아파트 밖으로 눈 돌리는 건설사들… 원전·데이터센터 인재 뽑는다,https://biz.chosun.com/real_estate/real_estate_general/2026/09/28/COGWMKVE6VFA5OYHNEY4NG6AKU/?utm_source=naver&utm_medium=original&utm_campaign=biz,"현대건설, 뉴에너지·설비 인력 모집 삼성물산은 데이터센터 직무 신설 주택 불황에 사업 다변화 채용 확대 주택 사업의 불확실성이 커지자 건설사들이 원전·데이터센터 등 새 사업을 맡을 인재 확보에 나섰다. 올해... "
2026-09-28,네이버뉴스,"대형건설사, 3분기 매출 줄지만 이익 확대…'체질 개선' 본격화",http://www.newstomato.com/ReadNews.aspx?no=1314958&inflow=N,28일 금융정보업체 에프앤가이드에 따르면 현대건설·대우건설·GS건설·DL이앤씨·IPARK현대산업개발 등 5개 대형 건설사의 올해 3분기 매출 전망치 합계는 14조2918억원으로 집계됐습니다. 지난해 동기(15조9851억원)... 
2026-09-28,네이버뉴스,현대건설 '채무보증 37조'에도 정비 수주 2년 연속 10조…리스크 관리도...,https://www.asiatoday.co.kr/kn/view.php?key=20260922010008296,아시아투데이 김다빈 기자 = 현대건설이 건설업계에서 가장 큰 규모의 채무보증을 짊어지고도 대형 사업 수주 행진을 이어가고 있다. 정비사업과 에너지 사업 등에서 사업 규모를 키워온 결과로 채무보증 자체는... 
2026-09-28,네이버뉴스,[단독] 중대재해법 시행에도…20대 건설사 현장서 5년간 121명 사망,https://www.hani.co.kr/arti/society/labor/1279790.html,"기업별로 보면 대우건설의 사망자가 15명으로 가장 많았고, 현대건설 13명, 현대엔지니어링·디엘(DL)이앤씨 각 11명, 롯데건설·포스코이앤씨·에이치디씨(HDC)현대산업개발 각 10명 순이었다. 이들 7개 건설사의... "
2026-09-28,네이버뉴스,"평택 반세권 단지 ‘힐스테이트 고덕엘리스트’, 삼성전자 평택캠퍼스...",https://biz.heraldcorp.com/article/10886500?ref=naver,"이러한 시장 분위기 속에서 현대건설이 경기도 평택시 고덕국제화계획지구 내에 선보이는 ‘힐스테이트 고덕엘리스트’가 분양 중이다. 이번에 공급되는 단지는 A12블록과 A65블록에 걸쳐 조성되며, 블록별로는... "
2026-09-28,네이버뉴스,"대우건설 역대 최대 도시정비 수주 눈앞, 이강석 경쟁입찰 다음 수 어떻...",https://www.businesspost.co.kr/BP?command=article_view&num=448066,"건설사 가운데 입성을 확정했거나 단독입찰로 수의계약 가능성을 높인 곳은 삼성물산과 현대건설, GS건설, 대우건설 등 네 곳 뿐이다. 대우건설의 재건축 수주 전략에 따라 이 대표는 하이엔드 브랜드 '써밋'의 가치를... "
2026-09-28,네이버뉴스,해외수주 절반이 미국…K건설 '수주지도' 바뀐다,http://www.inews24.com/view/2009388,현대건설은 제조시설과 원전·재생에너지 사업을 동시에 확대하고 있다. 미국 루이지애나 전기로 제철소 기본도급액은 5조3792억원으로 상반기 말 계약잔액은 5조3181억원이다. 원전분야에서도 사업기반을 넓히고... 
2026-09-28,네이버뉴스,"""반포의 힘, 평당 3억4600만원""…62평 '반디클 펜트하우스' 245억에 매물...",https://realty.chosun.com/site/data/html_dir/2026/09/28/2026092803385.html,현대건설이 시공하며 2027년 11월 입주를 목표로 공사가 진행 중이다. 반포 한강변에 들어서는 5000가구급 신축 대단지인 데다 대형 평형과 펜트하우스 등 희소성이 높은 주택형을 갖춘 만큼 입주 이후에는 래미안... 
2026-09-28,네이버뉴스,2026 국감 레이더⑦] 현대건설 이한우·SK에코플랜트 장동현·김영식 '긴...,https://www.newsworker.co.kr/news/articleView.html?idxno=506132,"정부의 주택공급 정책이 국회 국토교통위원회의 주요 의제로 부상하면서 건설사 CEO 무더기 소환 가능성은 낮아졌지만, 부실시공과 안전사고 등 개별 현안이 불거진 현대건설과 SK에코플랜트는 여전히 국감 소환 대상... "
2026-09-28,네이버뉴스,"이강석 대우건설 대표, 뚝심의 뒤집기 한판승..현대건설 제치고 1조 반도...",https://realty.chosun.com/site/data/html_dir/2026/09/28/2026092803358.html,당시 현대건설 컨소시엄만 입찰에 참여하면서 경쟁 구도가 만들어지지 않았다. 사업 규모에 비해 PQ 기준이 지나치게 높다는 지적이 이어지자 LH는 기존 입찰을 취소하고 실적 기준을 완화했다. 이후 올해 재입찰이... 
2026-09-28,네이버뉴스,대형사 정비수주 '질주'…전체 건설수주는 두 달째 감소,https://www.asiatime.co.kr/article/20260928500337,현대건설 10조원·6개사 35조원 돌파 7월 신규 일감 15.8조원까지 축소 공사비 상승·고용 위축 속 중견사 부담 [아시아타임즈=김미나 기자] 주요 대형 건설사들이 도시정비사업을 중심으로 수주 실적을 확대하고 있다.... 
2026-09-28,네이버뉴스,안산·인천·부산 대학가 아파트 신고가…공통점 살펴보니,https://www.fntimes.com/html/view.php?ud=202609281518559561048b718333_18,IPARK현대산업개발(대표이사 정경구)·현대건설(대표이사 이한우)·포스코이앤씨(대표이사 송치영)는 인천 미추홀구 용현·학익 1블록 도시개발사업 공동 3BL에서 '시티오씨엘 9단지 오션파크뷰'를 분양 중이다. 지하... 
2026-09-28,네이버뉴스,"현대건설, 시드니서 '짓고 임대' 개발형 사업 첫발…호주 초고층 아파트...",https://www.s-journal.co.kr/news/articleView.html?idxno=44031,"현대건설이 한국해외인프라도시개발지원공사(KIND), 한투리얼에셋과 호주 시드니 채스우드 초고층 아파트 개발 사업의 투자계약을 체결했다고 22일 전했다. 이번 계약은 지난 2월 3사가 맺은 업무협약을 토대로... "
2026-09-28,네이버뉴스,목동재건축 시공사 선정 활발…실거래가 27억 넘어 꿈틀,https://www.sidae.com/article/2026092813211011434,4단지 조합은 3.3㎡당 공사비 1010만원을 제시했고 현대건설과 포스코이앤씨가 입찰에 관심을 나타내고 있다. 6단지 조합은 지난 6월 DL이앤씨를 선정했다. 13단지 시공사 선정 1차 입찰에는 삼성물산이 단독 응찰해... 
2026-09-28,네이버뉴스,평택 '고덕엘리스트 견본주택' 광고물 관리 논란…차량 광고도 확인 필...,http://www.globalepic.co.kr/view.php?ud=20260928144746888623fd0362e7_29,현대건설 공식 분양정보에 따르면 이 단지는 평택고덕국제화계획지구 A12·A65블록에 조성되며 두 블록을 합쳐 총 1779가구 규모다. 분양 시기는 2026년 9월로 안내돼 있다. 대규모 주택 공급에 대한 관심이 높은 만큼... 
2026-09-28,네이버뉴스,인천 부동산 ‘나 홀로 온기’…서울 매수심리 꺾인 틈새서 거래·가격...,http://www.lawissue.co.kr/view.php?ud=2026092815053791467191f6c6e_12,"IPARK현대산업개발·현대건설·포스코이앤씨가 용현·학익 1블록에서 ‘시티오씨엘 9단지 오션파크뷰’(1949세대)를, 반도건설이 10월 계양구 동양동에서 ‘계양신도시 카이브 유보라’(1110세대)를 분양 중이다. 유림E... "
2026-09-28,네이버뉴스,"국회 행안위, '장윤기 사건' 경찰 관계자 등 국감 증인·참고인 채택",https://www.newsis.com/view/NISX20260928_0003805526,행안위는 서울 삼성역 철근 누락 시공 및 관리 책임과 관련해서는 현대건설 토목사업 본부 관계자 등을 증인으로 채택했다. 일명 '장윤기 사건'과 관련해서도 행안위는 광주광산경찰서 형사과 관계자 등을 부르기로... 
2026-09-28,네이버뉴스,"대우건설, '주택통' 전용수 건축부문 지휘봉 2년...도시정비 '6조 클럽'...",https://www.newsway.co.kr/news/view?ud=2026092813055256646,"지난 21일 기준 대우건설의 올해 도시정비사업 수주액은 현대건설(10조1180억원), 삼성물산 건설부문(7조3370억원), GS건설(5조5477억원)에 이어 업계 4위다. 지난해 연간 순위는 6위였다. 역대 최대 경신의 열쇠는... "
2026-09-28,네이버뉴스,대학가 배후수요가 집값 견인…전국 캠퍼스 인근 신고가 행진,http://www.lawissue.co.kr/view.php?ud=20260928150350481567191f6c6e_12,"IPARK현대산업개발·현대건설·포스코이앤씨는 인천 용현·학익 1블록 도시개발사업 공동 3BL 일원에서 ‘시티오씨엘 9단지 오션파크뷰’를 분양 중이다. 지하 2층~지상 49층, 9개 동, 전용 59~136㎡ 1949세대 대단지로... "
2026-09-28,네이버뉴스,"""보상 없이 공사 못한다""…포천양수발전소 수몰주민 집단행동",https://www.joongboo.com/news/articleView.html?idxno=363737869,"김두현 기자 포천양수발전소 수몰지역 주민들이 보상 없는 공사 강행에 시공사인 현대건설 현장사무소 앞과 공사중인 천인계곡에서 각각 집회를 열고 공사 중단을 촉구하고 나섰다. ""보상 없이는 공사할 수 없다""는... "
2026-09-28,네이버뉴스,해외수주 147억달러로 늘었지만…건설사 신규 일감 회복은 '아직',https://www.greened.kr/news/articleView.html?idxno=350871,"상반기 기준 현대건설은 약 35억1400만달러로 주요 건설사 가운데 가장 많은 해외수주를 기록했다. 삼성물산은 약 8억5500만달러, 삼성E&A는 약 6억달러, GS건설은 약 2억3300만달러, 대우건설은 약 9200만달러를... "
2026-09-28,네이버뉴스,현대건설 12만원대서 3.63% 상승…해외 수주잔고 주목,https://www.job-post.co.kr/news/articleView.html?idxno=229413,"현대건설은 주택과 플랜트, 인프라, 원전 사업을 함께 영위한다. 국내 주택 원가 부담과 해외 대형 프로젝트의 수익성이 실적 방향을 가르는 구조다. 28일 오후 2시17분 기준 현대건설은 유가증권시장에서... "
2026-09-28,네이버뉴스,"[포커스] 힐스테이트 고덕엘리스트 문제 '투성이'…""LH 전문성 결여 등...",http://www.srtimes.kr/news/articleView.html?idxno=213360,"28일 창약홈 등에 따르면 현대건설이 LH와 공동사업으로 짓는 '힐스테이트 고덕엘리스트'는 경기도 평택 고덕국제화계획지구 A12·A65블록에 전용 84㎡, 총 1,779가구를 분양하고 있다. 분양가는 3.3㎡당 평균 1,683만원대에... "
2026-09-28,네이버뉴스,'집 대신 원전·반도체'…건설사 채용 지도가 달라졌다,https://www.pinpointnews.co.kr/news/articleView.html?idxno=490767,28일 건설업계에 따르면 2026년 시공능력평가 상위 10개사 가운데 삼성물산·현대건설·대우건설·GS건설·현대엔지니어링·포스코이앤씨·롯데건설 등 7곳이 하반기 신입사원 채용을 진행했다. SK에코플랜트도 지난 6월... 
2026-09-28,네이버뉴스,재생에너지 100GW 받칠 전력망 대책···ESS·계통접속 개편 담길까,https://www.sisajournal-e.com/news/articleView.html?idxno=423966,"지난 7월 호남 배전망 ESS 사업에는 LG에너지솔루션과 HD현대일렉트릭, 현대건설, 한전KDN, SK이터닉스 등이 운영사업자로 선정됐다. 선정된 9개 사업자 가운데 6곳은 삼성SDI 배터리를 채택했으며 LG에너지솔루션은 직접... "
2026-09-28,네이버뉴스,"전용기 ""대형건설사 하자심사 7850건…대우·현대 각 1000건 넘어""",https://www.news1.kr/local/gyeonggi/6303279,"대우건설이 1060건으로 가장 많았고 현대건설 1034건, HDC현대산업개발 738건, 롯데건설 723건, 포스코이앤씨 630건, 금호건설 599건, GS건설 490건 순이었다. 상위 7개사의 접수 건수는 5274건으로 전체의 약 67%를... "
2026-09-28,네이버뉴스,"KIND, 호주 시드니 개발사업 투자계약 체결",http://www.engdaily.com/news/articleView.html?idxno=23409,"28일 KIND는 최근  현대건설, 한국투자리얼에셋운용과 함께 호주 시드니 채스우드 초고층 아파트 개발사업을 위한 투자계약을 체결했다고 밝혔다. 이번 투자계약은 지난 2월 체결된 3사 간 업무협약의 첫 결실이다.... "
2026-09-28,네이버뉴스,[HD현대 인사]② 사장단 아래 80명도 움직였다… 합병 뒤 달라진 자리들,https://www.newsclaim.co.kr/news/articleView.html?idxno=3076620,"당시에는 HD현대사이트솔루션과 HD현대건설기계, HD현대인프라코어가 따로 있었지만 올해 1월 두 사업회사가 통합 HD건설기계로 출범했다. 조선 쪽 변화는 그보다 빨랐다. HD현대미포가 지난해 12월 1일 HD현대중공업에... "
2026-09-28,네이버뉴스,[입법이 산업을 바꾼다] SMR 특별법 시행…두산에너빌리티·현대건설·삼...,https://www.polinews.co.kr/news/articleView.html?idxno=744196,현대건설은 미국 홀텍과 SMR-300 상용화를 추진 중이다. 삼성물산은 9월 미국 카이로스파워와 차세대 SMR 협력을 확대한 데 이어 유럽 BWRX-300 사업에도 뛰어들었다. SMR 특별법이 기업의 수주를 보장해주는 것은 아니다.... 
2026-09-28,네이버뉴스,대형 건설사 공동주택 하자심사 7850건…대우·현대건설 1000건 넘어,https://www.pressian.com/pages/articles/2026092813313796297?utm_source=naver&utm_medium=search,건설사별로는 대우건설이 1060건으로 가장 많았고 △현대건설 1034건 △HDC현대산업개발 738건 △롯데건설 723건 △포스코이앤씨 630건 △금호건설 599건 △GS건설 490건 순이었다. 상위 7개사의 접수 건수는... 
2026-09-28,네이버뉴스,비싼 브랜드 아파트도 예외 없었다…대형 건설사 하자심사 7850건,https://wemakenews.co.kr/news/view.php?no=26410,대우건설과 현대건설은 각각 1000건이 넘는 하자심사가 접수됐다. 국회 국토교통위원회 소속 더불어민주당 전용기 의원이 국토교통부에서 받은 자료에 따르면 2022년 1월부터 2026년 6월까지 시공능력평가 상위 30개... 
2026-09-28,네이버뉴스,[뉴스워커_전용기 의원] [국감] 대우·현대건설 하자심사 접수 1000건 넘...,https://www.newsworker.co.kr/news/articleView.html?idxno=506063,대우건설과 현대건설은 각각 1000건을 넘어섰다. 28일 국회 국토교통위원회 소속 더불어민주당 전용기 의원이 국토교통부로부터 제출받은 자료에 따르면 2022년 1월부터 올해 6월까지 2026년 시공능력평가 상위 30개... 
2026-09-28,네이버뉴스,[HD현대 인사]① 정기선이 앉힌 사장단… 1년 안 돼 첫 교체,https://www.newsclaim.co.kr/news/articleView.html?idxno=3076609,"HD현대중공업과 HD현대미포, HD현대건설기계와 HD현대인프라코어의 합병을 앞두고 조선과 건설기계 계열사 대표 자리도 함께 손봤다. 정 회장 승진에 관심이 쏠렸지만 그 아래 자리도 함께 바뀌었다. 이상균 HD현대중공업... "
2026-09-28,네이버뉴스,[에디터의 서재] 현대건설 정조준 국감…GTX-A 철근 178톤 '쟁점',https://www.thedailypost.kr/news/articleView.html?idxno=115842,|데일리포스트=송협 대표기자| 22대 국회 후반기 국토교통위원회의 첫 국정감사가 내달 7일 국토교통부 감사를 시작으로 예정된 가운데 현대건설이 시공한 GTX-A 삼성역 철근 누락 사태가 건설 분야 핵심 쟁점으로... 
2026-09-28,네이버뉴스,"'구독 1조' 눈앞 삼성, 병원·은행까지 간다…가전 구독전쟁 2막",https://www.dailian.co.kr/news/view/1695036/?sc=Naver,올해 7월에는 현대건설과 손잡고 서울 압구정 재건축 2·3·5구역 약 7000세대에 가전 구독을 공급하기로 하는 등 B2B 시장으로 보폭을 넓히고 있다. 삼성의 B2B 진출로 양사의 구독 경쟁도 소비자 시장을 넘어 기업... 
2026-09-28,네이버뉴스,페루 최대 광산전시회 '엑스포미나 페루 2026' 참관기,http://dream.kotra.or.kr/kotranews/cms/news/actionKotraBoardDetail.do?SITE_NO=3&MENU_ID=110&CONTENTS_NO=1&bbsGbn=245&bbsSn=245&pNttSn=244325,"마퀴페루(Maquiperu)는 현대건설기계 중장비와 예일(Yale) 지게차, 스카이잭(SkyJack) 시저리프트, 소날리카(Sonalika) 트랙터를 취급하는 페루 현지 기업으로, 역시 중장비 특화관에서 현대건설기계 대리권을 우길과... "
2026-09-28,네이버뉴스,"현대엘리베이터, AI·모듈러로 사업 영역 확대…상반기 영업익 20% 증가",http://www.nongaek.com/news/articleView.html?idxno=96930,모듈러 승강기 분야에서는 현대건설과 2025년 업무협약을 체결한 데 이어 올해 4월 GS건설과 공법 개발을 위한 업무협약을 맺었다. 같은 달 고층 공동주택용 모듈러 승강기 공법인 '이노블록(ENOBLOC)'의 상용화도... 
2026-09-28,네이버뉴스,"선착순 계약 중인 ‘힐스테이트 선암호수공원’, 계약금 5%·중도금 무이...",https://www.dt.co.kr/article/12086089?ref=naver,"현대건설의 층간소음 저감기술인 ‘H사일런트홈 시스템Ⅰ’을 울산 최초로 적용했으며, 스카이라운지와 컨시어지 서비스 등 차별화된 커뮤니티도 갖췄다. 한편 힐스테이트 선암호수공원은 울산 남구 야음동 일원에... "
2026-09-28,네이버뉴스,[건설톡] ‘심사 풀’ 논란 용인 반도체…싱거운 승부,https://www.dnews.co.kr/uhtml/view.jsp?idxno=202609271559096670454,"입찰에 참가한 현대건설 팀과 대우건설 팀도 당혹감을 감추지 못했고, 대우 팀은 심사위원 풀 변경에 이의를 제기하기도 했죠. 하지만 심사 하루 전에 양쪽이 심사 결과에 모두 승복하기로 전격 합의해 지난 23일... "
2026-09-28,네이버뉴스,올해 도시정비 수주 1위 굳히기 나선 현대건설…마천 재개발 정조준,https://www.newsway.co.kr/news/view?ud=2026092811074421727,현대건설이 올해 도시정비사업 수주액 10조원을 돌파하며 업계 선두를 달리고 있는 가운데 서울 송파구 마천 재개발 사업지 추가 수주에 공을 들이고 있다. 이미 마천4구역 시공권을 확보한 데 이어 마천5구역 수주를... 
2026-09-28,네이버뉴스,국감장의 '안전 최우선'은 현장에 닿았나 [기자수첩],https://www.sisaon.co.kr/news/articleView.html?idxno=204723,"당시 국토위 국감에는 현대건설과 대우건설, 포스코이앤씨, 현대엔지니어링, HDC현대산업개발(현 IPARK현대산업개발) 경영진 등이 출석했다. 맹성규 당시 국토위원장은 건설 현장 산업재해를 가장 시급히 개선해야 할... "
2026-09-28,네이버뉴스,학생만 찾는 줄 알았는데···교직원·직장인까지 몰리는 대학가 주거...,https://www.smartbizn.com/news/articleView.html?idxno=154934,"IPARK현대산업개발·현대건설·포스코이앤씨가 공급하는 '시티오씨엘 9단지 오션파크뷰'는 지하 2층~지상 49층, 9개 동, 전용 59~136㎡, 총 1949가구 규모다. 인하대학교 용현캠퍼스가 인근에 있고 연세대학교 국제캠퍼스... "
2026-09-28,네이버뉴스,"美 30조원 발전 프로젝트 기대감 품은 K-건설…""규모보다 수주 구조가 핵...",https://www.ebn.co.kr/news/articleView.html?idxno=1725770,"중단하며 현대건설이 인계할 가능성이 높아진 점도 이를 방증한다""고 분석했다. 이어 ""결국 핵심은 사업 리스크 분담 구조인데 전력공급의 시급성, 국내사의 '완공·가격·성능 보증' 능력, 제한적인 대체 시공사 풀 등을... "
2026-09-28,네이버뉴스,목동 재건축 시공사 윤곽…3만가구 이주에 전월세 대란 우려,https://news.tf.co.kr/read/economy/2370038.htm,"이어 8단지는 대우건설, 10단지 현대건설, 12단지 GS건설, 13단지 삼성물산과 수의계약이 유력한 상황이다. 최근에는 4단지가 입찰공고를 냈다. 오는 11월 16일 입찰을 마감한다. 현대건설과 포스코이앤씨가 수주에 공을... "
2026-09-28,네이버뉴스,"브랜드 아파트도 하자 못 피했다…대우건설 1,060건 '최다'",https://www.discoverynews.kr/news/articleView.html?idxno=1102655,"현대건설도 1,034건으로 1천 건을 넘어섰으며   IPARK현대산업개발 738건, 롯데건설 723건, 포스코이앤씨 630건, 금호건설 599건, GS건설 490건 등이 뒤를 이었다. 특히 상위 7개 건설사의 하자심사 접수 건수는 5,274건으로... "
2026-09-28,네이버뉴스,삼성전자 팔고 두빌·현대차 산 개인…연휴 뒤 코스피 순매수 [종목 NOW...,https://www.fnnews.com/news/202609281036082858,"네이버(1349억원), 대우건설(1222억원), 삼성SDI(1215억원), 현대건설(908억원) 등에도 매수 우위를 보였다. iM증권은 이날 보고서에서 한미 양국이 대미 전략투자 후속 사업으로 미국 내 대형 원전 최대 8기 건설을 협의하고... "
2026-09-28,네이버뉴스,"우리금융, 계열사 역량 모아 포항 AI데이터센터 금융 지원… 생산적금융...",https://www.ilyoseoul.co.kr/news/articleView.html?idxno=523018,시공은 현대건설이 맡는다. 현대건설은 책임준공확약을 통해 데이터센터의 계획된 준공을 뒷받침한다. 사전임차와 책임준공확약을 바탕으로 데이터센터의 운영 수요와 공사 안정성을 함께 확보하는 구조다. 포항은... 
2026-09-28,네이버뉴스,"삼성물산, 초고층 PC 아파트 길 열었다…건식 접합 기술 인증",https://www.fetv.co.kr/news/articleView.html?idxno=310845,"현대건설은 지난해 3월 한국건축구조기술사회로부터 주거용 PC 라멘조 보-기둥 접합 기술 인증을 받았다. GS건설도 OSC 기술을 앞세워 사업을 넓히고 있다. 변동규 삼성물산 주택기술혁신팀장은 ""높은 내진성능을 실용적인... "
2026-09-28,네이버뉴스,작년과 분위기 다르다…건설사 CEO '국감' 소환 핵심 중대재해 살펴보니,https://www.fntimes.com/html/view.php?ud=202609280958345150b372994c95_18,2025년 국토위 국감 증인 명단에는 이한우 현대건설 대표를 비롯해 김보현 전 대우건설 대표·송치영 포스코이앤씨 대표·박현철 롯데건설 대표 등이 이름을 올렸다. 이들은 국토위 국감에 출석해 잇따른 사고와 안전관리... 
2026-09-28,네이버뉴스,도시정비 연말 레이스 시작…'TOP5' 순위 뒤집힐까,https://www.mediapen.com/news/view/1126241,3분기까지 현대건설이 2년 연속 10조 원 고지를 넘어서며 선두를 굳힌 가운데 삼성물산이 GS건설을 제치고 2위로 올라섰다. 대우건설과 롯데건설도 4조 원대 실적을 쌓고 상위권 경쟁에 합류했다. 연말까지 목동... 
2026-09-28,네이버뉴스,"현대엔지니어링, 엔비디아 '베라루빈' 들어갈 군산 AI 데이터센터 짓는...",https://www.fetv.co.kr/news/articleView.html?idxno=310842,"현대건설은 경북 포항에서 40MW급 AI 데이터센터를 짓고 있다. DL이앤씨는 경기 김포에서 IT 부하 64MW 규모 데이터센터를 시공 중이다. 현대엔지니어링 관계자는 ""데이터센터에서는 인프라 품질이 곧 디지털 서비스... "
2026-09-28,네이버뉴스,"[2026국감] 대우·현대건설, 하자심사 접수 최다…4년반 동안 1000건 넘어",https://www.straightnews.co.kr/news/articleView.html?idxno=312013,"대우건설과 현대건설은 각각 1000건 이상의 하자심사가 접수됐다. 28일 국회 국토교통위원회 소속 전용기 더불어민주당 의원이 국토교통부로부터 제출받은 자료에 따르면, 2022년 1월부터 올해 6월까지 상위 30개... "
2026-09-28,네이버뉴스,"현대건설 8년 연속 1위 도전…삼성물산, 성수3구역 품고 2위 도약",https://www.g-enews.com/view.php?ud=20260928081338494714b1077807_1,현대건설과 삼성물산 건설부문이 올해 도시정비사업 수주 시장에서 지난해에 이어 나란히 1·2위 자리를 차지할지 관심이 쏠린다. 현대건설이 지난해에 이어 연간 수주액 10조 원을 돌파한 가운데 삼성물산은... 
2026-09-28,네이버뉴스,"""대학 품은 단지가 대세""...대학 인근 아파트 신고가 행진",https://www.fnnews.com/news/202609280952069017,"또한 IPARK현대산업개발·현대건설·포스코이앤씨 컨소시엄은 인천 용현·학익 1블록에서 '시티오씨엘 9단지 오션파크뷰'(총 1949가구)를 분양 중이며, 인하대 등 인근 대학가와 수인분당선 학익역(2028년 개통 예정)... "
2026-09-28,네이버뉴스,"현대엔지·현대건설, AIDC 공략 속도…군산·포항 사업 확대",http://www.4th.kr/news/articleView.html?idxno=2118733,포쓰저널 이현민 기자 군산 SGC AI 데이터센터 신축 사업 조감도 / 이미지=현대엔지니어링 현대차그룹 건설 계열사인 현대엔지니어링과 현대건설이 AI(인공지능) 데이터센터 시장 공략에 속도를 내고 있다.... 
2026-09-28,네이버뉴스,AI 데이터센터·원전이 새 성장동력 부각..건설株 강세[종목NOW],https://www.fnnews.com/news/202609280952120089,"GS건설은 36000원으로 4.05% 상승했고 현대건설은 124800원으로 3.06% 올랐다. 남광토건 2.61%, 한신공영 2.12%, 현대건설우 2.07%, 금호건설우 1.91%, 태영건설 1.85%, 동부건설 1.69% 등도 동반 상승하고 있다. 시장에서는 특히 AI... "
2026-09-28,네이버뉴스,[위클리오늘] 대학가 아파트 강세···풍부한 배후수요에 신고가 잇따...,http://www.weeklytoday.com/news/articleView.html?idxno=795984,"인천에서는 IPARK현대산업개발·현대건설·포스코이앤씨가 '시티오씨엘 9단지 오션파크뷰'를 공급 중이며, 서울 중구에서는 자이S&D가 '충정로역자이르네'를 분양 중이다. GS건설도 다음달 부산 연제구에서 부산교육대... "
2026-09-28,네이버뉴스,성수 대어 품은 삼성물산…목동 재건축 '정조준',https://www.shinailbo.co.kr/news/articleView.html?idxno=5066152,이달 초 목동12단지 재건축 2차 현장 설명회에 GS건설만 참여하며 수의계약을 앞뒀고 목동6단지와 10단지도 각각 DL이앤씨와 현대건설만 응찰해 경쟁이 성립되지 않은 바 있다. [신아일보]
2026-09-28,네이버뉴스,"현대건설, 글로벌 주택 개발 사업 보폭 확대",https://www.arunews.com/news/articleView.html?idxno=67520,"현대건설이 해외 주요 지역 부동산 개발 사업에 본격 나서며 글로벌 디벨로퍼로서 보폭을 확대하고 있다. 현대건설은 한국해외인프라도시개발지원공사(Korea Overseas Infrastructure & Urban Development Corporation, KIND)... "
2026-09-28,네이버뉴스,대형 건설사 공동주택 하자심사 7850건 접수,https://www.pointdaily.co.kr/news/articleView.html?idxno=320486,"대우건설과 현대건설의 접수 건수는 각각 1000건을 넘었다. 28일 국회 국토교통위원회 소속 더불어민주당 전용기 의원이 국토교통부에서 제출받은 자료에 따르면, 2022년 1월부터 올해 6월까지 2026년 시공능력평가... "
2026-09-28,네이버뉴스,"상위 30개 건설사, 공동주택 하자심사 7800건 넘어",https://www.asiatime.co.kr/article/20260928500047,대우건설 1060건 최다…현대건설·IPARK현산·롯데건설 순 전체 접수의 67% 상위 7개사 집중…결로 636건으로 가장 많아 기능불량 393건·들뜸 및 탈락 379건…하자로 판정된 세부사건 2565건 [아시아타임즈=이현주... 
2026-09-28,네이버뉴스,“더 나은 삶 위한 로봇이 지향점… ‘엑스블 숄더’ 철저히 현장 중심...,https://www.munhwa.com/article/11619743?ref=naver,"비행기 도색 및 정비 공정에서 상시 위를 바라보는 작업이 필수적인 대한항공을 비롯해 현대건설 서초 현장 등 건설 부문, 나아가 조선, 고령화가 심각한 농업 현장에까지 대거 도입됐다. 김 실장은 웨어러블 로봇이 산업... "
2026-09-28,네이버뉴스,[2026국감] 브랜드 아파트도 못 피했다…대형 건설사 하자 7850건,https://www.newsfreezone.co.kr/news/articleView.html?idxno=711128,대우건설과 현대건설은 각각 1000건을 넘어섰다. 28일 국회 국토교통위원회 소속 더불어민주당 전용기 의원이 국토교통부에서 제출받은 자료에 따르면 2022년 1월부터 2026년 6월까지 시공능력평가 상위 30개... 
2026-09-28,네이버뉴스,9월 23일 주식시장 주요공시,https://www.catchnews.kr/news/articleView.html?idxno=128828,"▶현대건설, 감천2구역 주택재개발정비사업조합과 8,828.24억원(최근 매출액대비 2.84%) 규모 공급계약(감천2구역 주택재개발정비사업) 체결 ▶HL D&I, 에이치엘제7호성수프로젝트위탁관리부동산투자회사와... "
2026-09-28,네이버뉴스,"코스피·코스닥, 전 거래일(23일) 주요공시",http://www.issuenbiz.com/news/articleView.html?idxno=80093,"/사진=한국거래소 ▲ 현대건설, 8828억2400만원 규모 감천2구역 주택재개발정비사업 수주 ▲ 한화시스템, 현대로템과 공급 계약 체결 ▲LG디스플레이, 중국 난징 차량용 LCD 모듈사업 매각 철회 ▲ 셀트리온, CT-P13... "
2026-09-28,네이버뉴스,"[더나은미래 경제브리핑] 공정위, ‘가맹점주 고리대출’ 혐의 명륜당 ...",https://futurechosun.com/?p=161363,"데이터센터 건설 지연, SK하이닉스의 솔리다임 중복 상장 논란 등이 반도체주 하락에 영향을 미친 것으로... 이밖에 SK스퀘어(-7.56%), 삼성전기(-0.53%), 삼성물산(-5.86%) 등은 내렸고, LG에너지솔루션(3.56%), 현대차(0.28... "
2026-09-28,네이버뉴스,[건설소식] 삼성물산 건설부문·호반그룹,https://sports.hankooki.com/news/articleView.html?idxno=6940695,PC 보-기둥 건식접합 BIM ⓒ삼성물산 건설부문  삼성물산 건설부문(이하 삼성물산)이 PC 라멘 구조의 기둥과 보를 간편하게 연결하면서도 최고 수준의 내진성능을 확보한 ' PC 특수모멘트 보-기둥 건식 접합 공법'으로... 
2026-09-28,네이버뉴스,"코스피, 추석 연휴 뒤 2.7% '급락'…7천선 이탈, 원·달러 1천365.1원",https://www.youthdaily.co.kr/news/article.html?no=227685,"SK스퀘어는 7.56%, 삼성물산은 5.86% 하락했다. 업종별로는 화학이 3.20%, 건설이 3.05%, 오락·문화가 2.09% 상승했지만 전기·전자(-4.46%), 제조(-3.34%), 유통(-2.82%) 등은 하락했다. 코스피 전체로는 상승 종목이 611개로... "
2026-09-28,네이버뉴스,"삼성물산, PC 건식접합 내진성능 고도화..'특수모멘트' 국내 첫 인증",http://www.4th.kr/news/articleView.html?idxno=2118786,포쓰저널 이현민 기자 PC 보-기둥 건식접합 BIM / 사진=삼성물산 건설부문 삼성물산이 공장에서 제작한 콘크리트 부재를 현장에서 조립하는 PC(Precast Concrete) 건식 접합 기술의 내진성능을 특수모멘트 골조 수준까지... 
2026-09-28,네이버뉴스,"""써밋보다 고급으로""…특화브랜드 요구한 한남2",https://www.hankyung.com/article/2026092800481,"초고가 주택 시장에서는 건설사 브랜드를 배제한 사례도 많다. 용산구 ‘나인원한남’, 옛 유엔사 부지인 ‘더파크사이드 서울’, 포스코이앤씨가 경기 화성시에 조성 중인 ‘아크메르 동탄’ 등이 대표적이다. 삼성물산... "
2026-09-28,네이버뉴스,삼성물산 '넥스트 홈'에 최고 내진성능,https://www.hankyung.com/article/2026092800391,기술은 삼성물산의 미래 주거 모델 ‘넥스트 홈’에도 적용된다. 집 안 기둥을 최소화해 입주자가 공간을 자유롭게 바꿀 수 있도록 한 것이 특징이다. 이번 인증은 공장에서 미리 제작해 현장 작업을 줄이는 탈현장 건설... 
2026-09-28,네이버뉴스,"[뉴스인사이드 뉴스톡톡] 삼성전자, 가전 구독 1조원 눈앞…기업으로 확...",https://www.newsinside.kr/news/articleView.html?idxno=5011638,"삼성물산, 국내 최초 '최상급 내진성능' 기술 인증 삼성물산이 국내 건설사 최초로 건축물의 지진 대응 능력을 높이는 최상급 내진성능 기술 인증을 획득했습니다. 대형 지진에도 주요 구조물의 손상을 최소화하는 기술로... "
2026-09-28,네이버뉴스,"국내 최초 'PC 특수모멘트 건식 접합 공법' 개발···삼성물산, '넥스트...",http://www.enewstoday.co.kr/news/articleView.html?idxno=2474796,삼성물산 건설부문(이하 삼성물산)은 PC 라멘 구조의 기둥과 보를 간편하게 연결하면서도 최고 수준의 내진성능을 확보한 'PC 특수모멘트 보-기둥 건식 접합 공법'으로 한국콘크리트학회의 기술 인증을 획득했다고 28일... 
2026-09-28,네이버뉴스,[건설업계 브리핑] 삼성물산·호반그룹·LH·부영그룹,https://daily.hankooki.com/news/articleView.html?idxno=1410158,"사진=챗GPT 생성 이미지 ◇삼성물산, 내진성능 갖춘 PC 건식 접합 기술 개발 PC 보-기둥 건식접합 건설정보모델링(BIM). 사진=삼성물산 삼성물산이 국내 최고 수준의 내진성능을 확보한 PC(Precast Concrete) 건식 접합 공법을... "
2026-09-28,네이버뉴스,삼성전자 5.43%·SK하이닉스 5.05%↓…주식 약세 마감,http://www.kjdaily.com/article.php?aid=1790585671687752276,"시가총액 상위 종목 가운데 SK스퀘어는 7.56%, 삼성물산은 5.86% 하락했다. 반면 LG에너지솔루션은 3.56... 58%, 삼성생명은 0.51%, 현대차는 0.28% 올랐다. 업종별로도 흐름이 엇갈렸다. 화학은 3.20%, 건설은 3.05%, 오락... "
2026-09-28,네이버뉴스,"삼성물산, PC 건식 접합 내진성능 높였다…국내 최초 기술인증",https://www.thepublic.kr/news/articleView.html?idxno=320326,삼성물산 건설부문은 'PC 특수모멘트 보-기둥 건식 접합 공법'으로 한국콘크리트학회의 기술인증을 획득했다고 28일 밝혔다. PC 건식 접합 방식으로 특수모멘트 골조에 대한 기술인증을 받은 것은 국내 최초다. PC 건식... 
2026-09-28,네이버뉴스,[마감시황] 美국채금리·AI 인프라 우려에 코스피 2.7% 급락···6889 후퇴,https://www.polinews.co.kr/news/articleView.html?idxno=744243,"SK스퀘어(-7.56%)와 삼성물산(-5.86%)도 급락했다. 반면 LG에너지솔루션(3.56%), 삼성바이오로직스(2.49%), 한화에어로스페이스(1.27%), KB금융(0.58%), 현대차(0.28%)는 상승했다. 업종별로는 화학(3.20%), 건설(3.05%), 오락... "
2026-09-28,네이버뉴스,"삼성물산, 국내 최고 수준 내진성능 갖춘 PC 건식 접합 공법 인증 획득",https://www.s-journal.co.kr/news/articleView.html?idxno=44041,삼성물산 건설부문은 PC 라멘 구조의 기둥과 보를 간편하게 연결하면서도 특수모멘트 골조 수준의 내진성능을 확보한 'PC 특수모멘트 보-기둥 건식 접합 공법'으로 한국콘크리트학회 기술 인증을 받았다고 28일 밝혔다.... 
2026-09-28,네이버뉴스,"삼성물산, '넥스트 홈(Next Home)' 기술 혁신 잇는 PC 건식 접합 공법 개...",http://www.sisacast.kr/news/articleView.html?idxno=100471,사진=삼성물산 건설  삼성물산 건설은 'PC 특수모멘트 보-기둥 건식 접합 공법'으로 한국콘크리트학회의 기술 인증을 획득했다고 28일 밝혔다. 해당 기술 인증은 PC 라멘 구조의 기둥과 보를 간편하게 연결하면서도 최고... 
2026-09-28,네이버뉴스,"삼성물산, PC 공법도 최고 수준 내진 성능 확보… 국내 첫 인증 받아",https://biz.chosun.com/real_estate/real_estate_general/2026/09/28/66DIY3XVWNCZ5J722ACO4ZMXKY/?utm_source=naver&utm_medium=original&utm_campaign=biz,"삼성물산 건설부문(이하 삼성물산)이 내진성능을 확보한 PC(Precast Concrete) 건식 접합 기술을 개발하고 공식 인증을 획득했다. PC는 기둥, 보, 슬라브 등 콘크리트 구조물을 공장에서 미리 만든 뒤 현장으로 옮겨 조립하는... "
2026-09-28,네이버뉴스,반도체주 급락에 코스피 '7천피' 반납…6890 마감,https://www.koreareport.co.kr/news/articleView.html?idxno=53260,"SK스퀘어(-7.6%)와 삼성물산(-5.9%)도 약세를 보였다. 한올바이오파마는 파트너사 이뮤노반트가... 업종별로는 화학(3.2%)과 건설(3.1%), 오락·문화(2.1%)가 오른 반면 전기·전자(-4.5%), 제조(-3.3%), 유통(-2.8%)은 내렸다.... "
2026-09-28,네이버뉴스,금리 공포에 코스피 2%대 '털썩'…PCE·마이크론에 쏠린 눈,https://www.mt.co.kr/stock/2026/09/28/2026092816042917604,"오락·문화는 2%대, 건설과 화학은 3%대 상승했다. 코스피 시가총액 상위 종목 중 삼성전자와 SK하이닉스가... 이들과 지분·업무 관계로 얽힌 SK스퀘어와 삼성물산은 각각 7% 이상, 5% 이상 급락했다. 삼성전기는... "
2026-09-28,네이버뉴스,"삼성물산, 국내 최고 내진성능 갖춘 PC 건식 접합공법 인증",http://www.koreastocknews.com/news/articleView.html?idxno=121466,"삼성물산(028260) 건설부문(대표 오세철, 이하 삼성물산)이 국내 최고 수준의 내진성능을 확보한 사전 제작 콘크리트(PC) 건식 접합 공법을 개발해 한국콘크리트학회의 기술 인증을 획득했다고 28일 밝혔다. 해당 기술은 PC... "
2026-09-28,네이버뉴스,"삼성물산, 'PC 건식 접합' 국내 최초 특수모멘트 인증… '넥스트 홈' 내...",http://www.biztribune.co.kr/news/articleView.html?idxno=359665,삼성물산 건설부문(이하 삼성물산)은 PC 라멘 구조 기둥과 보를 간편하게 연결하면서도 최고 수준 내진성능을 확보한 'PC 특수모멘트 보-기둥 건식 접합 공법'으로 한국콘크리트학회의 기술 인증을 획득했다고 28일... 
2026-09-28,네이버뉴스,[건설 브리핑] 삼성물산·현대엔지니어링·LH,http://www.niceeconomy.co.kr/news/articleView.html?idxno=91138,"◇ 삼성물산, PC 건식 접합 공법 내진성능 인증 획득 삼성물산 건설부문은 PC 라멘 구조의 기둥과 보를 연결하는 'PC 특수모멘트 보-기둥 건식 접합 공법'으로 한국콘크리트학회 기술 인증을 획득했다고 28일 밝혔다.... "
2026-09-28,네이버뉴스,"삼성물산, PC 보-기둥 건식 접합 공법 기술인증 획득",http://www.newslock.co.kr/news/articleView.html?idxno=137019,삼성물산 건설부문이 PC 라멘 구조의 기둥과 보를 연결하면서 내진성능을 확보한 'PC 특수모멘트 보-기둥 건식 접합 공법'으로 한국콘크리트학회 기술 인증을 획득했다고 28일 밝혔다. 삼성물산은 입주민의 라이프스타일에... 
2026-09-28,네이버뉴스,"[마감시황] 코스피, 4거래일 만 7000선 반납",http://www.hansbiz.co.kr/news/articleView.html?idxno=868483,"다른 시가총액 상위 종목 중에선 SK스퀘어(-7.56%), 삼성물산(-5.86%) 등이 내렸다. LG에너지솔루션(3.56... 58%), 삼성생명(0.51%), 현대차(0.28%) 등은 올랐다. 업종별로는 화학(3.20%), 건설(3.05%), 오락·문화(2.09... "
2026-09-28,네이버뉴스,"집 안 기둥 없애고 볼트로 조립해 지진까지 버틴다…삼성물산, 신공법 ...",https://www.smarttoday.co.kr/ko-kr/articles/112036,삼성물산 건설부문(이하 삼성물산)은 PC(Precast Concrete·사전제작 콘크리트) 라멘 구조의 기둥과 보를 연결해 높은 내진성능을 확보한 ‘PC 특수모멘트 보-기둥 건식 접합 공법’으로 한국콘크리트학회의 기술인증을... 
2026-09-28,네이버뉴스,"코스피, 美국채금리 급등 여파에 2.7% 급락... '7천피' 붕괴",https://www.getnews.co.kr/news/articleView.html?idxno=881960,"이외 시가총액 상위 종목을 보면 SK스퀘어(-7.56%) 삼성물산(-5.86%)이 내렸다. 그러나, LG에너지솔루션(3.56... 58%), 삼성생명(0.51%), 한화에어로스페이스(1.27%) 등은 올랐다. 업종별로는 화학(3.20%)과 건설(3.05%), 오락... "
2026-09-28,네이버뉴스,"삼성물산, 국내 최초 '특수내진 PC 건식 접합' 인증...차세대 주거 '넥스...",http://www.popcornnews.net/news/articleView.html?idxno=134218,삼성물산 건설부문이 최고 수준의 내진성능을 갖춘 프리캐스트 콘크리트(PC) 건식 접합 기술을 개발해 공식 인증을 획득했다. 이를 통해 공간 변형이 자유로운 미래형 주거 모델 '넥스트 홈(Next Home)'의 실현에 한 걸음 더... 
2026-09-28,네이버뉴스,"삼성물산·현대엔지니어링, OSC·AI 데이터센터로 기술 경쟁력 확대",http://www.dailypop.kr/news/articleView.html?idxno=102913,삼성물산 건설부문은 9월 28일 'PC 특수모멘트 보-기둥 건식 접합 공법'으로 한국콘크리트학회의 기술인증을 획득했다고 밝혔다. 이번 인증은 PC 건식 접합 방식에 특수모멘트 골조 수준의 내진성능을 구현한... 
2026-09-28,네이버뉴스,"대치 은마, 분양신청·이주비 조사 시작...관리처분 속도",https://www.theguru.co.kr/news/article.html?no=107617,"재건축을 통해 지하 6층~지상 최고 49층, 29개 동, 총 5850가구의 아파트로 지어진다. 시공은 삼성물산과 GS건설 컨소시엄이 담당한다. 서울 강남구 대치동 은마아파트 조감도. (사진=서울시)"
2026-09-28,네이버뉴스,"""웬만한 지진에도 끄떡없게 기둥과 보 연결"" 삼성물산, PC접합기술 국내...",https://www.catchnews.kr/news/articleView.html?idxno=128869,삼성물산 건설부문이 세대 내부에 기둥을 없앤 미래 주거모델 '넥스트 홈'을 구현하기 위해 프리캐스트 콘크리트(PC) 건식 접합기술을 개발하고 한국콘크리트학회의 인증을 획득했다고 28일 밝혔다. 벽 대신 기둥과... 
2026-09-28,네이버뉴스,삼성물산 내진 성능 갖춘 접합기술로 국내 첫 한국콘크리트학회 기술인...,https://www.huffingtonpost.kr/article/260807,삼성물산 건설부문(삼성물산)이 국내 최고 수준의 내진성능 확보 기술을 개발하고 공식 인증을 획득했다. 삼성물산은 이번 기술 인증을 바탕으로 탈현장 건설 기반의 적용 범위를 확대하고 미래 주거 기술 경쟁력을... 
2026-09-28,네이버뉴스,外人·기관 4조원대 매물 투척에 코스피 6900선마저 붕괴(종합),https://www.newsis.com/view/NISX20260928_0003805760,"오라클의 데이터센터 건설 지연 소식이 전해진 데다, SK하이닉스의 솔리다임 중복 상장 논란이... 이밖에 SK스퀘어(-7.56%), 삼성전기(-0.53%), 삼성물산(-5.86%) 등은 내렸고, LG에너지솔루션(3.56%), 현대차(0.28... "
2026-09-28,네이버뉴스,"연휴서 돌아온 코스피, 美금리 악재에 2.7%↓…다시 '7천피' 밑으로(종합...",https://www.yna.co.kr/view/AKR20260928124200008?input=1195m,"56%) 삼성물산(-5.86%)이 내렸으나, LG에너지솔루션(3.56%), 현대차(0.28%), 삼성바이오로직스(2.49%), KB금융(0.58%), 삼성생명(0.51%), 한화에어로스페이스(1.27%) 등은 올랐다. 업종별로는 화학(3.20%)과 건설(3.05%), 오락/문화... "
2026-09-28,네이버뉴스,"코스피,美금리 악재에 2.7% 내려 6,800선…삼전닉스 5%대 급락",http://www.seouleconews.com/news/articleView.html?idxno=93984,"56%) 삼성물산(-5.86%)이 내렸으나, LG에너지솔루션(3.56%), 현대차(0.28%), 삼성바이오로직스(2.49%), KB금융(0.58%), 삼성생명(0.51%), 한화에어로스페이스(1.27%) 등은 올랐다. 업종별로는 화학(3.20%)과 건설(3.05%), 오락/문화... "
2026-09-28,네이버뉴스,"""추석 끝나자 무섭게 던졌다"" 4조 매도폭탄...7천피 또 붕괴",https://www.mt.co.kr/stock/2026/09/28/2026092815210356890,"오락·문화는 2%대, 건설과 화학은 3%대 상승했다. 코스피 시가총액 상위 종목 중 삼성전자와 SK하이닉스가... 이들과 지분·업무 관계로 얽힌 SK스퀘어와 삼성물산은 각각 7% 이상, 5% 이상 급락했다. 삼성전기는... "
2026-09-28,네이버뉴스,오라클發 악재에 코스피 6880선으로 美국채금리도 부담…삼성전자 5%↓,http://www.smedaily.co.kr/news/articleView.html?idxno=363826,"53%), 삼성물산(-5.86%) 등이 하락 마감했다. 반면 LG에너지솔루션(3.56%), 현대차(0.28%), 삼성바이오로직스... 20%), 건설업(3.05%), 오락·문화(2.09%), 보험(1.53%), 운수창고(1.46%), 섬유·의복(1.43%), 의약품(1.19... "
2026-09-28,네이버뉴스,미 국채금리 급등에 반도체주 ‘휘청’…코스피 6900선 붕괴,https://www.mk.co.kr/article/12162755,"11%, 건설 3.05%, 보험 1.53% 등은 강세를 보였다. 코스피 시가총액 상위 10개 종목은 약세 종목과 강세 종목이 비슷한 흐름을 보였다. 삼성전자 -5.43%, SK하이닉스 -5.05%, SK스퀘어 -7.56%, 삼성전기 -0.53%, 삼성물산 -5.86... "
2026-09-28,네이버뉴스,"삼성물산·현대엔지니어링, PC 건식 접합 기술 내진성능 강화·군산 AI 데...",http://www.wsobi.com/news/articleView.html?idxno=318840,삼성물산 건설부문은 PC 라멘 구조의 보와 기둥을 연결하는 'PC 특수모멘트 보-기둥 건식 접합 공법'이 한국콘크리트학회 기술 인증을 획득했다고 밝혔다. PC 라멘 구조는 공장에서 제작한 기둥과 보를 현장에서 연결해... 
2026-09-28,네이버뉴스,"삼성물산, 건식접합공법으로 내진 최고 등급 획득…넥스트홈 혁신 가속...",https://www.mt.co.kr/estate/2026/09/28/2026092814371735049,삼성물산 건설부문이 공장에서 만든 기둥과 보를 현장에서 조립하는 PC(Precast Concrete) 건식 접합 방식으로 내진 최고 등급인 '특수모멘트 골조' 기술인증을 받았다. 삼성물산은 'PC 특수모멘트 보-기둥 건식 접합 공법... 
2026-09-28,네이버뉴스,"대외 호재 삼킨 미국채 금리 급등…코스피, 6880선 마감",https://www.etoday.co.kr/news/view/2629968,"업종별로 화학(3.20%), 건설(3.05%), 섬유·의류(1.43%), 제약(1.19%), 전기·가스(1.11%), 비금속(1.01%), 음식료... 반면 SK스퀘어(-7.56%), 삼성물산(-5.86%), 삼성전자(-5.43%), SK하이닉스(-5.05%), 삼성전기(-0.53%) 등은 하락했다.... "
2026-09-28,네이버뉴스,"성수 72층·여의도 49층 꿰찼다…삼성물산, 한강변 스카이라인 재편",https://www.pointdaily.co.kr/news/articleView.html?idxno=320569,사진=서울시 삼성물산 건설부문이 9월 한 달 동안 서울 한강변 핵심 정비사업지에서 굵직한 시공권을 연달아 거머쥐며 초고층 랜드마크 중심의 '래미안 벨트' 구축을 본격화하고 있다. 부동산 프로젝트파이낸싱(PF) 부실... 
2026-09-28,네이버뉴스,"삼성물산, PC 건식 접합 공법으로 특수모멘트 골조 기술인증",https://www.koreareport.co.kr/news/articleView.html?idxno=53254,삼성물산 건설부문이 공장에서 제작한 콘크리트 기둥과 보를 현장에서 연결하는 건식 접합 공법으로 한국콘크리트학회의 기술인증을 획득했다고 28일 밝혔다. 인증받은 기술은 '철근 기계적 이음과 브라켓 기능을... 
2026-09-28,네이버뉴스,"삼성물산, 국내 최초 특수모멘트급 PC 건식 접합 인증",https://www.newscj.com/news/articleView.html?idxno=3436104,삼성물산 건설부문은 '철근 기계적 이음과 브라켓 기능을 갖는 박스형 연결기구를 이용한 PC 특수모멘트 보-기둥 건식 접합 공법'으로 한국콘크리트학회 기술인증을 획득했다고 28일 밝혔다. 이 공법은 공장에서 제작한 PC... 
2026-09-28,네이버뉴스,[굿모닝! 28일 건설업계 소식] 삼성물산·현대엔지니어링·LH·HUG,https://www.goodkyung.com/news/articleView.html?idxno=291781,"삼성물산 건설부문은 국내 최고 수준의 내진성능을 확보한 PC(사전제작 콘크리트) 건식 접합 공법인 'PC 특수모멘트 보-기둥 건식 접합 공법'을 개발하고, 한국콘크리트학회의 기술 인증을 받았다. 기술인증을 통해... "
2026-09-28,네이버뉴스,"삼성물산, PC 건식 접합 국내 첫 특수모멘트 인증…‘넥스트 홈’ 기술...",http://www.lawissue.co.kr/view.php?ud=20260928144448460767191f6c6e_12,삼성물산 변동규 주택기술혁신팀장은 “PC 라멘 구조에 요구되는 높은 내진성능을 실용적인 건식 접합 기술로 구현해 공식 인정받았다는 데 의미가 크다”며 “OSC 방식으로 건설사업 변화를 주도하고 차별화된 기술과... 
2026-09-28,네이버뉴스,"현대ENG, 군산 SGC AI 데이터센터 수주 [건설·분양오늘]",https://www.sisaon.co.kr/news/articleView.html?idxno=204734,"삼성물산, PC 라멘구조 新 공법 콘크리트학회 기술 인증 획득 삼성물산 건설부문은 프리캐스트 콘크리트(PC) 라멘 구조의 기둥과 보를 연결하는 'PC 특수모멘트 보-기둥 건식 접합 공법'으로 한국콘크리트학회 기술... "
2026-09-28,네이버뉴스,"삼성물산, 내진성능 PC 건식 접합 기술 인증",http://www.metroseoul.co.kr/article/20260928500313,/삼성물산 삼성물산 건설부문(이하 삼성물산)은 PC 라멘 구조의 기둥과 보를 간편하게 연결하면서도 최고 수준의 내진성능을 확보한 ' PC 특수모멘트 보-기둥 건식 접합 공법'으로 한국콘크리트학회의 기술 인증을... 
2026-09-28,네이버뉴스,"[건설브리핑] 현대ENG, 군산 AI 데이터센터 수주",https://www.seoulfn.com/news/articleView.html?idxno=638776,"삼성물산 건설부문, PC 특수모멘트 건식 접합 기술 인증 삼성물산은 PC(프리캐스트 콘크리트) 라멘 구조의 기둥과 보를 연결하는 'PC 특수모멘트 보-기둥 건식 접합 공법'으로 한국콘크리트학회 기술 인증을 국내... "
2026-09-28,네이버뉴스,[대한도시정비포럼 9월29일 개최] LH 3大 도시정비사업 설명회 열린다,https://www.dnews.co.kr/uhtml/view.jsp?idxno=202609270829358320408,공공재개발 사업의 경우 삼성물산 건설부문이 시공을 맡은 거여새마을구역이 민관 협력 대표 사례로 소개된다. 서울 송파구 거여새마을구역은 2013년 정비구역에서 해제되는 등 오랜 기간 난항을 겪었다. 그러다 2021년... 
2026-09-28,네이버뉴스,"삼성물산, 내진성능 높인 'PC 건식 접합' 콘크리트학회 인증 획득",https://www.news2day.co.kr/article/20260928500109,초고층 기준 충족하는 '특수모멘트 골조' 성능 확보 탈현장 시공(OSC)으로 공기 단축…무주 구조 적용 확대 PC 보-기둥 건식접합 BIM [사진=삼성물산 건설부문] [뉴스투데이=김성현 기자] 삼성물산 건설부문이 기둥과 보를... 
2026-09-28,네이버뉴스,"3.5% 변형에도 버틴다…삼성물산, PC 건식 접합 내진성능 ‘국내 최초’...",https://www.thepowernews.co.kr/view.php?ud=202609281328467756de3f0aa1be_7,삼성물산 건설부문은 ‘PC 특수모멘트 보-기둥 건식 접합 공법’으로 한국콘크리트학회 기술인증을 받았다고 28일 밝혔다. 이번 기술은 삼성물산이 추진하는 미래 주거 모델 ‘넥스트 홈(Next Home)’의 PC 라멘 구조에... 
2026-09-28,네이버뉴스,"삼성물산, 국내 최고 내진 성능 갖춘 조립식 건물 접합기술 외부 인증 ...",https://www.businesspost.co.kr/BP?command=article_view&num=448052,삼성물산 건설부문은 'PC 특수모멘트 보-기둥 건식 접합 공법'으로 한국콘크리트학회의 기술 인증을 받았다고 28일 밝혔다. 삼성물산이 국내 최고 수준의 내진성능을 확보한 프리캐스트 콘크리트(PC) 공법의 접합 기술로... 
2026-09-28,네이버뉴스,"삼성물산, 국내 최초 '최상급 내진성능' 기술 인증",https://www.newsinside.kr/news/articleView.html?idxno=5011145,삼성물산 건설부문은 자체 개발한 'PC 특수모멘트 보-기둥 건식 접합 공법'으로 한국콘크리트학회 기술 인증을 획득했다고 28일 밝혔다. 이번에 인증을 받은 공식 기술명은 '철근 기계적 이음과 브라켓 기능을 갖는 박스형... 
2026-09-28,네이버뉴스,"삼성물산, 내진성 갖춘 PC 접합 기술 국내 첫 인증…‘넥스트 홈’ 고도...",https://www.socialvalue.kr/news/view/1065576245514819,삼성물산 건설부문은 국내 최고 수준의 내진성능을 확보한 사전 제작 콘크리트(PC) 건식 접합 공법을 개발해 한국콘크리트학회의 기술 인증을 획득했다고 28일 밝혔다. ▲삼성물산이 개발한 PC 보-기둥 건식접합 BIM... 
2026-09-28,네이버뉴스,"코스피, 7000선 아래로…개인 2.5조 '사자'·외국인 2.5조 '팔자'",https://www.etoday.co.kr/news/view/2629865,"업종별로 건설(2.96%), 화학(2.81%), 운송장비·부품(1.29%), 전기·가스(1.26%), 섬유·의류(1.23%), 제약(0.85... 반면 SK스퀘어(-7.73%), 삼성물산(-6.13%), 삼성전자(-4.82%), SK하이닉스(-4.73%), 삼성전기(-1.92%), 삼성생명... "
2026-09-28,네이버뉴스,"삼성물산, PC 보·기둥 건식 접합 공법 내진성능 인증 획득",http://www.datanews.co.kr/news/article.html?no=146661,삼성물산 건설부문은 ‘PC 특수모멘트 보·기둥 건식 접합 공법’으로 한국콘크리트학회의 기술인증을 획득했다고 28일 밝혔다. 이번 공법은 공장에서 사전 제작한 콘크리트(PC) 기둥과 보를 현장에서 연결하는 기술이다.... 
2026-09-28,네이버뉴스,"HL로보틱스·삼성물산, 미래 주거 솔루션 개발 협약 체결",https://www.gukjenews.com/news/articleView.html?idxno=3706976,HL홀딩스 완전 자회사 HL로보틱스가 삼성물산 건설부문과 손잡고 자율주행 주차로봇 '파키(PARKIE)'를 공동주택에 적용하는 미래 주거 실험에 나섰다. 핵심은 HL로보틱스의 로봇 관제시스템과 삼성물산의 통합 주거생활... 
2026-09-28,네이버뉴스,"삼성물산, 국내 첫 ‘내진성능 최상급’ 기술 인증",https://biz.heraldcorp.com/article/10886024?ref=naver,삼성물산 건설부문은 PC 라멘 구조의 기둥과 보를 간편하게 연결하면서도 최고 수준의 내진성능을 확보한 ‘PC 특수모멘트 보-기둥 건식 접합 공법’으로 한국콘크리트학회의 기술 인증을 획득했다고 28일 밝혔다.... 
2026-09-28,네이버뉴스,"삼성물산, ‘특수모멘트 PC 건식 접합’ 국내 첫 인증…‘넥스트 홈’ ...",https://www.sedaily.com/article/20095493?ref=naver,삼성물산(028260) 건설부문이 국내 최고 수준의 내진 성능을 확보한 프리캐스트 콘크리트(PC) 건식 접합 공법을 통해 맞춤형 미래 주거 모델인 ‘넥스트 홈’ 혁신에 속도를 낸다. 28일 삼성물산은 PC 라멘 구조의 기둥과... 
2026-09-28,네이버뉴스,"삼성물산, 조립식 기둥·보 접합 공법 최고 내진등급 첫 인증",https://view.asiae.co.kr/article/2026092810491708026,"변동규 삼성물산 주택기술혁신팀장은 ""PC 라멘 구조에 요구되는 높은 내진성능을 실용적인 건식 접합 기술로 구현하고 공식적으로 인정받았다""며 ""OSC(Off-Site Construction·탈현장건축) 방식으로 건설사업 변화를... "
2026-09-28,네이버뉴스,"삼성물산, PC 건식 접합 기술 혁신…국내 최초 특수모멘트 골조 인증 획...",http://www.globalepic.co.kr/view.php?ud=20260928111908795948439a4874_29,삼성물산이 건설 기술의 한계를 뛰어넘는 혁신을 이루어냈다. 국내 최고 수준의 내진성능을 확보한 PC(프리캐스트 콘크리트) 건식 접합 공법을 개발하고 한국콘크리트학회의 공식 기술 인증까지 획득했다. 이는 단순한... 
2026-09-28,네이버뉴스,"삼성물산, PC 건식 접합 기술 내진성능 강화",https://www.kfenews.co.kr/news/articleView.html?idxno=665321,사진=삼성물산 건설부문 한국금융경제신문=김한나 기자 | 삼성물산이 공장에서 제작한 콘크리트 부재를 현장에서 조립하는 'PC(Precast Concrete) 공법'의 내진 성능을 높인 건식 접합 기법을 개발했다. 삼성물산... 
2026-09-28,네이버뉴스,벽이 사라진다… 삼성물산 ‘넥스트 홈’ 핵심 기술 확보,https://www.donga.com/news/Economy/article/all/20260928/134742180/2,삼성물산 건설부문이 국내 최고 수준의 내진성능을 확보한 PC 건식 접합 기술을 개발하고 공식 인증을 획득했다. 세대 내부 기둥을 없앤 미래 주거 모델 ‘넥스트 홈’ 핵심 구조 기술을 고도화하고 OSC 기반 건설 기술... 
2026-09-28,네이버뉴스,"공사 빠른 PC 구조에 내진성능 더했다... 삼성물산, 초고층 적용 길 열어",https://www.insight.co.kr/news/575528,초고층 건축물에도 적용할 수 있는 ‘특수모멘트 골조’ 수준의 성능을 확보해 국내 최초로 관련 기술인증을 받았다.삼성물산 건설부문은 'PC 특수모멘트 보-기둥 건식 접합 공법'으로 한국콘크리트학회 기술인증을... 
2026-09-28,네이버뉴스,"삼성물산, 국내 최초 ‘특수모멘트 PC 건식 접합’ 기술 개발",https://www.etoday.co.kr/news/view/2629827,삼성물산 건설부문은 'PC 특수모멘트 보-기둥 건식 접합 공법'으로 한국콘크리트학회의 기술인증을 획득했다고 28일 밝혔다. PC 건식 접합 방식으로 특수모멘트 골조 기술인증을 받은 것은 국내 최초다. 이번에 인증받은... 
2026-09-28,네이버뉴스,"삼성물산, 콘크리트 기둥·보도 '볼트 조립'…내진성능은 특수모멘트급",https://www.e-science.co.kr/news/articleView.html?idxno=136154,삼성물산 건설부문은 'PC 특수모멘트 보-기둥 건식 접합 공법'으로 한국콘크리트학회 기술인증을 획득했다. PC 건식 접합 방식으로 특수모멘트 골조 인증을 받은 것은 국내 처음이다. PC는 건설현장에서 콘크리트를 붓고... 
2026-09-28,네이버뉴스,"삼성물산, PC 접합 기술 고도화… '넥스트 홈' 상용화 기반 다진다",https://www.koreaittimes.com/news/articleView.html?idxno=157541,"28일 건설업계에 따르면, 삼성물산 건설부문은 PC 라멘 구조의 보와 기둥을 연결하는 'PC 특수모멘트 보-기둥 건식 접합 공법'으로 한국콘크리트학회 기술 인증을 획득했다. 이번 기술의 핵심은 현장에서 콘크리트를 추가... "
2026-09-28,네이버뉴스,"삼성물산, PC 특수모멘트 건식 접합 인증…'넥스트 홈' 실현 속도",https://www.kpinews.kr/newsView/1065578143495393,삼성물산 건설부문(이하 삼성물산)이 최고 수준의 내진성능을 갖춘 프리캐스트 콘크리트(PC) 건식 접합 기술 개발에 성공하며 미래형 주거 모델인 '넥스트 홈(Next Home)' 혁신에 박차를 가한다. 삼성물산은 PC 라멘 구조의... 
2026-09-28,네이버뉴스,"삼성물산 ""최고 내진 성능 'PC 건식 접합기술' 개발""",https://news.tf.co.kr/read/economy/2370079.htm,"변동규 삼성물산 주택기술혁신팀장은 ""앞으로도 OSC(Off-Site Construction) 방식으로 건설사업의 변화를 주도하고 차별화된 기술과 품질을 바탕으로 독보적인 가치를 만들어 나갈 것""이라고 말했다."
2026-09-28,네이버뉴스,"삼성물산, PC 건식 접합 내진성능 '특수모멘트'까지 끌어올려",https://www.hankyung.com/article/202609288934i,삼성물산 건설부문은 자체 개발한 ‘PC 특수모멘트 보-기둥 건식 접합 공법’으로 한국콘크리트학회 기술 인증을 획득했다고 28일 밝혔다. PC 건식 접합 방식으로 특수모멘트 골조 인증을 받은 것은 국내 최초다. PC... 
2026-09-28,네이버뉴스,"삼성물산, '넥스트 홈' 기술 확대…PC 접합부 내진성능 강화",https://www.asiatime.co.kr/article/20260928500044,한국콘크리트학회 특수모멘트 인증 획득 국내 첫 건식 방식 최고 등급 기준 통과 동백지구 테스트베드서 주거모델 실증 [아시아타임즈=김미나 기자] 삼성물산 건설부문(이하 삼성물산)이 공장에서 제작한 콘크리트... 
2026-09-28,네이버뉴스,"[알림]'AI 대전환의 시대, AI 풀스택 대한민국의 도약' 시대포럼 D-2",https://www.sidae.com/article/2026092810470936559,"전영순 삼성물산 데이터센터사업그룹장은 '건설의 경계를 넘어, AI가 바꾼 인프라 경쟁력'을 주제로 AI 확산이 인프라 산업에 가져올 변화를 설명합니다. 데이터센터를 비롯한 AI 관련 인프라 시장에서 국내 기업들이... "
2026-09-28,네이버뉴스,"삼성물산 건설부문, PC 건식 접합 내진성능 높였다..국내 최초 특수모멘...",https://kpenews.com/View.aspx?No=4242850,미래 주거 모델 ‘넥스트 홈(Next Home)’을 비롯한 OSC(Off-Site Construction) 기반 건축 기술 경쟁력 강화에 나선다.삼성물산 건설부문은 PC 라멘 구조의 기둥과 보를 연결하면서 특수모멘트 골조 수준의 내진성능을 확보한... 
2026-09-28,네이버뉴스,"삼성물산, ‘최상급 내진성능’ PC 건식 접합 기술 인증",http://www.wowtv.co.kr/NewsCenter/News/Read?articleId=A202609280042&t=NN,삼성물산 건설부문이 국내 최고 수준의 내진 성능을 확보한 사전 제작 콘크리트(PC·Precast Concrete) 건식 접합 공법을 개발해 한국콘크리트학회의 기술 인증을 획득했다고 28일 밝혔다. 해당 공법은 PC 라멘 구조의... 
2026-09-28,네이버뉴스,"삼성물산, 국내 최초 PC 접합공법 내진성능 인증 … ""초고층도 안전하게...",https://biz.newdaily.co.kr/site/data/html/2026/09/28/2026092800092.html,"뉴데일리 박정환 기자 = 삼성물산 건설부문이 국내 최고 수준의 내진성능을 확보한 사전제작 콘크리트(Precast Concrete, PC) 건식 접합 공법을 개발하고 공식 인증까지 획득했다 28일 삼성물산은 PC 라멘 구조의 기둥과 보를... "
2026-09-28,네이버뉴스,"[일문일답] 김성환 ""호남 반도체 전력·용수 문제 없어…동복댐 증고 내...",https://view.asiae.co.kr/article/2026092808295550093,"삼성전자와 LG전자가 각각 삼성물산 건설부문, GS건설과 함께 가스 배관 없는 아파트를 만들기 위한 연구개발을 진행하고 있다. 내년 하반기에는 가스 배관 없는 아파트를 지을 수 있도록 추진하려고 한다. 히트펌프는... "
2026-09-28,네이버뉴스,"삼성물산, 국내 최초 PC 특수모멘트 건식 접합 공법 개발…""미래 주거 기...",https://www.econovill.com/news/articleView.html?idxno=751998,삼성물산 건설부문(이하 삼성물산)이 세대 내 기둥이 없는 '넥스트 홈(Next Home)' 혁신을 가속화하고 있다. 최고의 내진성능을 갖춘 PC(Precast Concrete) 건식 접합 기술 개발로 미래 주거 기술의 경쟁력을 강화하고 있다는... 
2026-09-28,네이버뉴스,"삼성물산, '국내 최고 내진성능' PC 접합공법 인증 땄다",https://www.public25.com/news/articleView.html?idxno=55424,"삼성물산 건설부문(이하 삼성건설)은 이러한 한계를 극복하기 위해 내진성능을 갖춘 철골 브라켓과 볼트 체결 기능을 하나로 결합한 연결기구를 개발하고, 2024년 중간모멘트 골조에 대한 기술인증을 획득한 바 있다.... "
2026-09-28,네이버뉴스,"삼성물산, PC 건식접합 특수내진 기술 인증",https://www.pinpointnews.co.kr/news/articleView.html?idxno=490693,삼성물산 건설부문은 '철근 기계적 이음과 브라켓 기능을 갖는 박스형 연결기구를 이용한 PC 특수모멘트 보-기둥 건식 접합 공법'으로 한국콘크리트학회 기술인증을 획득했다고 28일 밝혔다. 이번 인증 기술은 PC 라멘... 
2026-09-28,네이버뉴스,[부동산 나들이] LH '생활숲 치유 프로그램'-'공사비 절감'·삼성 'PC건식...,https://www.newsworks.co.kr/news/articleView.html?idxno=854895,삼성물산 건설부문은 PC 라멘 구조의 기둥과 보를 연결하면서도 최고 수준의 내진성능을 확보한 'PC 특수모멘트 보-기둥 건식 접합 공법'으로 한국콘크리트학회의 기술 인증을 획득했다. 세대 내부 기둥을 없앤 무주... 
2026-09-28,네이버뉴스,"삼성물산, 내진 PC 건식 접합기술 인증 획득...'넥스트 홈'으로 혁신 가...",https://www.womentimes.co.kr/news/articleView.html?idxno=106519,우먼타임스 = 송현섭 기자 삼성물산 건설부문은 국내 최고 내진성능의 PC(Precast Concrete) 건식 접합 공법을 개발하고 공식 인증을 받아 미래 주거 모델 '넥스트 홈(Next Home)' 기술 혁신을 가속화하고 있다. 28일 삼성물산에... 
2026-09-28,네이버뉴스,"삼성물산, '기둥 없는 집' 내진기술 국내 최초 인증",http://www.newswell.co.kr/news/articleView.html?idxno=22226,이번 기술은 세대 내부 기둥을 없앤 미래 주거 모델 '넥스트 홈'의 핵심 기술로 활용될 전망입니다. 삼성물산은 OSC 방식의 건설 기술을 확대하며 미래 주거 혁신을 이어갈 계획입니다.
2026-09-28,네이버뉴스,"삼성물산, 초고층 PC 구조 내진성능 최고 등급 달성…국내 첫 인증",https://www.cstimes.com/news/articleView.html?idxno=722034,컨슈머타임스=정용규 기자 | 삼성물산 건설부문이 프리캐스트 콘크리트(PC) 특수모멘트 보-기둥 건식 접합 공법으로 한국콘크리트학회 기술인증을 획득했다고 28일 밝혔다. 국내 PC 건식 접합 분야에서 특수모멘트 등급... 
2026-09-28,네이버뉴스,[건설업계 동향] 삼성물산ㆍ현대엔지니어링ㆍLH (9.28),http://www.weeklytoday.com/news/articleView.html?idxno=795988,기자] 삼성물산 건설부문이 프리캐스트 콘크리트(PC) 구조의 내진성능을 높인 건식 접합 기술을 개발하며 미래형 주거 모델 '넥스트 홈' 기술 고도화에 나섰다. 삼성물산은 'PC 특수모멘트 보-기둥 건식 접합 공법'으로... 
2026-09-28,네이버뉴스,"삼성물산, PC 접합부 내진 성능 강화…'특수모멘트 골조 인증' 획득",https://www.moneystorm.kr/news/articleView.html?idxno=6792,삼성물산 건설부문은 'PC 특수모멘트 보-기둥 건식 접합 공법'으로 한국콘크리트학회의 기술인증을 획득했다고 28일 밝혔다. 이번 공법은 내진성능을 갖춘 철골 브라켓과 볼트 체결 기능을 하나의 연결기구에 결합해 PC... 
2026-09-28,네이버뉴스,"삼성물산, 국내 첫 PC 건식 접합 기술 인증...초고층 내진 성능 확보",https://www.newspim.com/news/view/20260928000241,삼성물산 건설부문은 PC(Precast Concrete) 라멘 구조 기둥과 보를 간편하게 연결하면서 최고 수준 내진성능을 갖춘 기술 공법을 개발해 국내 최초로 인증을 획득했다. 삼성물산은 28일 'PC 특수모멘트 보-기둥 건식 접합 공법... 
2026-09-28,네이버뉴스,[속보]연휴 끝 코스피 7000선 무너졌다…삼전닉스 3%대↓,https://www.edaily.co.kr/News/Read?newsId=02374726645584712&mediaCodeNo=257&utm_source=naver&utm_medium=referral&utm_campaign=news_syndication&utm_content=original_article,"이밖에 SK스퀘어(402340)(-5.71%), 삼성물산(028260)(-3.815) 등이 하락세다. 반면 삼성전기(009150)(0.66... 71%), 삼성바이오로직스(207940)(1.835) 등은 상승세다. 업종별로는 건설, 화학, 오락·문화, IT 서비스 등이 강세다.... "
2026-09-28,네이버뉴스,"삼성물산, 'PC 특수모멘트 접합 공법' 콘크리트학회 기술인증",http://www.ttlnews.com/news/articleView.html?idxno=3147180,"국내 건설업계가 모듈러 및 탈현장 건설(OSC) 방식 확장에 속도를 내는 가운데, 삼성물산 건설부문이 조립식 콘크리트의 최대 약점으로 꼽히던 내진 성능 한계를 넘어선 독자 공법을 확보했다. 삼성물산은 프리캐스트... "
2026-09-28,네이버뉴스,"삼성물산, 최고 내진성능 PC 건식 접합 공법 개발…‘넥스트 홈’ 혁신...",https://www.dizzotv.com/site/data/html_dir/2026/09/28/2026092880040.html,삼성물산 건설부문이 국내 최고 수준의 내진성능을 확보한 PC(Precast Concrete) 건식 접합 공법을 개발하고 공식 기술인증을 받으며 미래 주거 모델인 ‘넥스트 홈’의 구조적 완성도를 한 단계 끌어올렸다. 삼성물산은 PC... 
2026-09-28,네이버뉴스,"삼성물산, 내진 강화한 PC 건식 접합공법 인증",https://www.cnbnews.com/news/articleView.html?idxno=1017182,삼성물산 건설부문이 국내 최초로 PC(Precast Concrete) 라멘 구조의 '특수모멘트 보-기둥 건식 접합 공법'에 대한 한국콘크리트학회 기술 인증을 획득했다고 28일 밝혔다. 삼성물산에 따르면 현재 추진 중인 미래 주거 모델... 
2026-09-28,네이버뉴스,"삼성물산, 강진에도 견디는 '조립식 아파트' 접합 기술 인증",https://www.news1.kr/realestate/general/6302911,삼성물산(028260) 건설부문이 공장에서 만든 기둥과 보를 현장에서 조립하는 이른바 '조립식 아파트'에 적용할 수 있는 접합 기술로 내진성능 최고 등급인 '특수모멘트 골조' 기술인증을 받았다. 강한 지진으로 건물이... 
2026-09-28,네이버뉴스,"삼성물산, PC 건식 접합 기술 인증...""국내 최고 내진성능""",https://www.fnnews.com/news/202609280943457756,삼성물산 건설부문은 PC 라멘 구조의 기둥과 보를 간편하게 연결하면서도 국내 최고 수준의 내진성능을 확보한 'PC 특수모멘트 보-기둥 건식 접합 공법'으로 한국콘크리트학회 기술 인증을 획득했다고 28일 밝혔다.... 
2026-09-28,네이버뉴스,"삼성물산, 최고 내진성능 갖춘 PC 건식 접합 공법 개발",https://www.arunews.com/news/articleView.html?idxno=67530,삼성물산 건설부문이 국내 최고 수준의 내진성능을 확보한 PC(Precast Concrete) 건식 접합 공법을 개발하고 공식 인증까지 획득했다. 삼성물산은 PC 라멘 구조의 기둥과 보를 간편하게 연결하면서도 최고 수준의 내진성능을... 
2026-09-28,네이버뉴스,"삼성물산, 내진성능 갖춘 PC 건식 접합 기술 개발",https://www.newspost.kr/news/articleView.html?idxno=225939,삼성물산 건설부문(이하 삼성물산)이 내진성능을 확보한 PC(Precast Concrete) 건식 접합 방식의 공법을 개발해 기술인증을 획득했다. 삼성물산은 PC 라멘 구조의 기둥과 보를 간편하게 연결하면서도 높은 수준의... 
2026-09-28,네이버뉴스,"삼성물산, PC 건식접합 내진성능 인증…‘넥스트 홈’ 기술 강화",https://www.edaily.co.kr/News/Read?newsId=02318966645584712&mediaCodeNo=257&utm_source=naver&utm_medium=referral&utm_campaign=news_syndication&utm_content=original_article,(사진=삼성물산 건설부문) 삼성물산(028260) 건설부문은 ‘PC 특수모멘트 보-기둥 건식 접합 공법’으로 한국콘크리트학회 기술인증을 획득했다고 28일 밝혔다. 공식 인증 명칭은 ‘철근 기계적 이음과 브라켓 기능을 갖는... 
2026-09-28,네이버뉴스,"""지진에도 끄떡없다""… 삼성물산, '무주 주택' 핵심 PC 특수모멘트 접합...",https://www.financialpost.co.kr/news/articleView.html?idxno=277498,삼성물산 건설 부문이 세대 내부에 기둥이 없는 미래형 아파트 구조의 핵심 기술로 꼽히는 프리캐스트 콘크리트(PC) 접합부의 내진 성능을 최고 수준으로 끌어올리며 공식 기술 인증을 받았다. 삼성물산은 PC 라멘 구조의... 
2026-09-28,네이버뉴스,[포스코 인사 전망]② 사장 아래 임원들 9개월… 승진 뒤 맡긴 일은 어디...,https://www.newsclaim.co.kr/news/articleView.html?idxno=3076584,1960년생 유인종은 명지대 박사 출신으로 쿠팡 안전부문 부사장과 삼성물산 리조트부문 현장 업무를 거쳤다.... 외부 안전전문가를 영입하고 건설회사 안전 책임자와 조직까지 바꿨지만 사고가 끊긴 것은 아니다. 이동호... 
2026-09-28,네이버뉴스,"삼성물산, PC 건식 접합 기술 특수모멘트 인증…'넥스트 홈' 기술력 강화",https://www.onews.tv/news/articleView.html?idxno=287944,삼성물산 건설부문은 공장에서 제작한 부재를 현장에서 조립하는 PC(Precast Concrete) 라멘 구조에서 특수모멘트 골조 수준의 내진성능을 확보한 'PC 특수모멘트 보-기둥 건식 접합 공법'으로 한국콘크리트학회 기술... 
2026-09-28,네이버뉴스,"삼성물산, 美 카이로스 파워와 손잡고 차세대 SMR 사업 나선다",https://www.arunews.com/news/articleView.html?idxno=67512,삼성물산 건설부문(이하 삼성물산)은 지난 23일 미국 소형모듈원전(SMR) 개발 기업 카이로스 파워(Kairos Power)와 차세대 SMR 사업의 실증과 상용화를 위한 전략적 업무협약을 체결했다. 카이로스 파워는 지난 2016년... 
2026-09-28,네이버뉴스,"삼성물산, ‘넥스트 홈’ PC 기술 고도화…내진성능 기술인증 획득",https://www.viva100.com/article/20260928500254,삼성물산 건설부문(이하 삼성물산)은 ‘프리캐스트 콘크리트(PC) 특수모멘트 보-기둥 건식 접합 공법’을 개발해 한국콘크리트학회의 기술인증을 획득했다고 28일 밝혔다. 공식 인증 명칭은 ‘철근 기계적 이음과... 
2026-09-28,네이버뉴스,"삼성물산, 국내 첫 ‘PC 특수모멘트 건식 접합’ 인증…넥스트 홈 기술...",https://thetracker.co.kr/View.aspx?No=4242743,삼성물산 건설부문은 ‘PC 특수모멘트 보-기둥 건식 접합 공법’으로 한국콘크리트학회의 기술인증을 획득했다고 28일 밝혔다. 이번 공법은 PC 라멘 구조를 구성하는 기둥과 보를 현장에서 연결하는 기술이다.... 
2026-09-28,네이버뉴스,"삼성물산, 초고층 적용 가능한 PC 건식 접합 기술 개발",https://www.bizwork.co.kr/news/articleView.html?idxno=419449,삼성물산 건설부문이 프리캐스트 콘크리트(PC) 구조의 보와 기둥을 간편하게 연결하면서 높은 내진성능을 확보한 건식 접합 공법을 개발했다. 삼성물산은 'PC 특수모멘트 보-기둥 건식 접합 공법'으로 한국콘크리트학회... 
2026-09-28,네이버뉴스,"'추석 끝' 코스피, 7000선에서 공방… 개미, 나홀로 매수세",https://www.mt.co.kr/stock/2026/09/28/2026092808495048618,"삼성물산과 삼성전자는 각각 2% 이상, 1% 이상 하락하고 있다. 현대차와 KB금융은 강보합세다. 삼성생명은... 금속, 운송장비·부품, 통신, 운송·창고, 건설 등은 약보합세다. 비금속은 1% 이상 떨어지고 있다.... "
2026-09-28,네이버뉴스,"삼성물산, PC 건식 접합 기술 내진성능 강화…국내 첫 특수모멘트 인증",https://www.newsis.com/view/NISX20260928_0003804803,삼성물산 건설부문은 PC 라멘 구조의 보와 기둥을 연결하는 'PC 특수모멘트 보-기둥 건식 접합 공법'이 한국콘크리트학회 기술 인증을 획득했다고 28일 밝혔다. PC 라멘 구조는 공장에서 제작한 기둥과 보를 현장에서... 
2026-09-28,네이버뉴스,"삼성물산, 日 엔지니어링 컨설팅 기업 OC글로벌과 MOU 체결",https://www.theguru.co.kr/news/article.html?no=107574,글로벌 인프라·도시 개발 사업 협력하기로  삼성물산이 일본 엔지니어링 컨설팅 기업인 '오리엔탈 컨설턴츠 글로벌(OG글로벌)'과 인프라 및 도시 개발 사업에 협력하기로 했다. 이를 통해 글로벌 건설 시장 공략에... 
2026-09-28,네이버뉴스,"코스피, 연휴 끝 첫 거래일 7050선 약세 출발···코스닥 강보합",https://www.seoulfn.com/news/articleView.html?idxno=638746,"53%), 삼성물산(-2.45%) 등이 하락하고 있으며, 삼성전기(3.12%), LG에너지솔루션(2.56%), 현대차(0.71... 46%), 건설(-0.82%), 통신(-0.60%) 등은 하락세다. 시가총액 상위 종목 가운데 알테오젠(2.20%), 에코프로(1.00... "
2026-09-28,네이버뉴스,"삼성물산, 국내 최고 수준 'PC 건식 접합' 신기술 개발…초고층 내진설...",https://www.businessplus.kr/news/articleView.html?idxno=117352,"/사진=삼성물산 삼성물산 건설부문이 기둥과 보를 현장에서 조립하는 사전제작 콘크리트(PC) 공법의 내진 성능을 업계 최고 수준으로 끌어올린 신기술을 개발하고, 이를 바탕으로 자사의 미래형 주거 모델인 '넥스트 홈... "
2026-09-28,네이버뉴스,"“초고층도 안전하게”…삼성물산, 최고 내진성능 갖춘 PC 건식 접합 공...",https://www.mk.co.kr/article/12162327,삼성물산 건설부문은 PC 라멘 구조의 기둥과 보를 간편하게 연결하면서도 최고 수준의 내진성능을 갖춘 ‘PC 특수모멘트 보-기둥 건식 접합 공법’으로 한국콘크리트학회 기술 인증을 획득했다고 28일 밝혔다.... 
2026-09-28,네이버뉴스,"삼성물산, PC 건식 접합 내진성능 높였다…‘넥스트 홈’ 기술 강화",https://www.seoultimes.news/news/article.html?no=2000100273,삼성물산 건설부문이 개발한 공법의 공식 명칭은 ‘철근 기계적 이음과 브라켓 기능을 갖는 박스형 연결기구를 이용한 PC 특수모멘트 보-기둥 건식 접합 공법’이다. PC 건식 접합 방식으로 특수모멘트 골조 기술인증을... 
2026-09-28,네이버뉴스,"삼성물산, 고내진 PC 건식 접합 기술 개발…공사기간 단축 기대",http://www.smedaily.co.kr/news/articleView.html?idxno=363764,PC 보-기둥 건식접합 BIM 삼성물산 건설부문은 공장에서 제작한 콘크리트 기둥과 보를 현장에서 조립하면서도 높은 내진성능을 확보할 수 있는 'PC 특수모멘트 보-기둥 건식 접합 공법'을 개발해 한국콘크리트학회의... 
2026-09-28,네이버뉴스,"연휴 끝 코스피, 장 초반 보합권 7000선 사수",https://www.etoday.co.kr/news/view/2629704,"31%), 건설(-0.28%), 종이·목재(-0.21%), 섬유·의류(-0.11%), 비금속(-0.05%) 등은 약세다. 시가총액 상위 종목... 반면 삼성물산(-3.00%), SK스퀘어(-2.77%), SK하이닉스(-2.20%), 삼성전자(-0.44%), KB금융(-0.29%) 등은 내리고 있다.... "
2026-09-28,네이버뉴스,"삼성물산, '기둥 없는 집' 구현할 PC 접합 기술 인증 획득",https://www.pointdaily.co.kr/news/articleView.html?idxno=320485,사진=삼성물산 삼성물산 건설부문이 공장에서 제작한 콘크리트 기둥과 보를 현장에서 조립하는 PC(사전 제작 콘크리트) 건식 접합 공법으로 한국콘크리트학회 기술인증을 받았다. 삼성물산은 'PC 특수모멘트 보·기둥... 
2026-09-28,네이버뉴스,"삼성물산, PC 건식 접합 기술 인증…초고층 내진성능 확보",https://www.ziksir.com/news/articleView.html?idxno=147519,삼성물산 건설부문'PC 특수모멘트 보-기둥 건식 접합 공법'으로 한국콘크리트학회 기술인증을 획득했다고 28일 밝혔다. 공법은 PC 라멘 구조에서 기둥과 보를 연결하는 접합부의 내진성능을 특수모멘트 골조 수준까지... 
2026-09-28,네이버뉴스,"삼성물산, 국내 최초 ‘내진성능 최상급’ 기술 인증",https://biz.heraldcorp.com/article/10885627?ref=naver,삼성물산 건설부문은 PC 라멘 구조의 기둥과 보를 간편하게 연결하면서도 최고 수준의 내진성능을 확보한 ‘PC 특수모멘트 보-기둥 건식 접합 공법’으로 한국콘크리트학회의 기술 인증을 획득했다고 28일 밝혔다.... 
2026-09-28,네이버뉴스,"삼성물산, PC 건식 접합 내진기술 국내 첫 인증…초고층 적용 확대",https://www.megaeconomy.co.kr/news/newsview.php?ncode=1065570567855690,삼성물산 건설부문은 ‘PC 특수모멘트 보-기둥 건식 접합 공법’으로 한국콘크리트학회 기술인증을 국내 최초로 획득했다고 28일 밝혔다. ▲ PC 보-기둥 건식접합 건설정보모델링(BIM) [이미지=삼성물산] 삼성물산이... 
2026-09-28,네이버뉴스,"삼성물산, 'PC 특수모멘트 건식 접합' 국내 첫 인증…'넥스트 홈' 속도",http://www.newsdream.kr/news/articleView.html?idxno=118890,삼성물산 건설부문이 국내 최고 수준의 내진성능을 갖춘 프리캐스트 콘크리트(PC) 건식 접합 공법을 개발해 공식 인증을 획득하며 탈현장 건설(OSC·Off-Site Construction) 기반의 차세대 주거 모델 '넥스트 홈' 상용화에 속도를... 
2026-09-28,네이버뉴스,"삼성물산, 국내 첫 'PC 특수모멘트 접합' 인증…초고층 내진·품질 잡았...",https://www.ebn.co.kr/news/articleView.html?idxno=1725733,삼성물산 건설부문(이하 삼성물산)은 PC 라멘 구조의 기둥과 보를 간편하게 연결하면서도 최고 수준의 내진성능을 확보한 ' PC 특수모멘트 보-기둥 건식 접합 공법'으로 한국콘크리트학회의 기술 인증을 획득했다고 28일... 
2026-09-28,네이버뉴스,"삼성물산, 최고 내진성능 갖춘 PC 건식접합기술 개발… '넥스트 홈' 혁신",http://www.ikld.kr/news/articleView.html?idxno=341367,삼성물산 건설부문(이하 삼성물산)은 PC 라멘 구조의 기둥과 보를 간편하게 연결하면서도 최고 수준의 내진성능을 확보한 'PC 특수모멘트 보-기둥 건식 접합 공법'으로 한국콘크리트학회의 기술 인증을 획득했다고 28일... 
2026-09-28,네이버뉴스,"삼성물산, PC 건식 접합 공법 내진성능 인증...초고층 적용 확대",https://hbnpress.com/news/view/1065569779443446,삼성물산 건설부문은 ‘PC 특수모멘트 보-기둥 건식 접합 공법’으로 한국콘크리트학회의 기술 인증을 받았다고 28일 밝혔다. 삼성물산이 특수모멘트 골조 수준의 내진성능을 확보한 PC 보-기둥 건식 접합 공법으로... 
2026-09-28,네이버뉴스,"[건설업계 8월 동향] DL이앤씨, 안전경영·사회공헌 집중 추진",http://www.wsobi.com/news/articleView.html?idxno=318849,DL그룹 DL이앤씨는 지난달 혹서기 안전경영에 집중하는 한편 임직원 참여 헌혈 등을 진행하며 ESG 행보를 이어갔다. DL이앤씨에 따르면 사측은 지난달부터 '안전 최우선' 경영 목표 아래 사내 TF를 발족해 현장 관리뿐... 
2026-09-28,네이버뉴스,"DL이앤씨, 中企와 기술협력 강화… 혁신기술 발굴",https://biz.chosun.com/real_estate/real_estate_general/2026/09/28/2O6B5K44HVG3LAYPBUJ2XXBIKI/?utm_source=naver&utm_medium=original&utm_campaign=biz,"공동개발·현장 적용·사업화 중소·전문기업과 공동개발 DL이앤씨가 중소·전문기업과의 기술협력을 강화하고 있다. 건설 현장의 혁신기술을 발굴하고 공동 연구개발부터 성능 검증, 특허·인증, 현장 적용, 상품화까지... "
2026-09-28,네이버뉴스,"DL그룹, 사업 체질 개선 성과…석유화학·에너지·건설 실적 '호조'",https://www.newsis.com/view/NISX20260928_0003805470,"DL이앤씨는 선별 수주와 철저한 원가 관리를 통해 수익성 개선세를 나타냈다. DL이앤씨의 상반기 매출은 3조5281억원, 영업이익은 3168억원으로 영업이익이 전년 동기 대비 53% 늘었다. 상반기 신규 수주는 한남5구역... "
2026-09-28,네이버뉴스,"""수서까지 21분"" GTX 역세권…'e편한세상 동탄역 어반원' 분양",https://www.mt.co.kr/estate/2026/09/28/2026092811105738633,"DL이앤씨가 동탄역 역세권에 위치한 'e편한세상 동탄역 어반원'을 분양한다. 28일 DL이앤씨에 따르면 경기 화성시 동탄구 오산동 1021번지에 공급하는 'e편한세상 동탄역 어반원'은 지하 4층~지상 46층, 3개동, 아파트... "
2026-09-28,네이버뉴스,"이해욱 회장 이끄는 DL그룹, 상반기 수익성 개선··· DL이앤씨 영업이...",https://www.polinews.co.kr/news/articleView.html?idxno=744205,"DL㈜과 DL이앤씨의 상반기 영업이익은 각각 3694억원, 3168억원을 기록했다. 사업 포트폴리오 고도화와 수익성 중심의 경영 전략이 성과로 이어졌다는 것이 그룹 측 설명이다. 에너지와 소형모듈원전(SMR), 데이터센터 등... "
2026-09-28,네이버뉴스,"DL그룹, 석화가 끌고 건설이 받쳤다 … 에너지·SMR로 성장동력 UP",https://biz.newdaily.co.kr/site/data/html/2026/09/28/2026092800070.html,"미국 자회사 크레이튼의 이익이 크게 늘었고, DL이앤씨는 주택사업의 원가 부담을 낮추며 영업이익을 늘렸다. 발전과 호텔 계열사도 실적에 힘을 보탰다. 28일 DL그룹에 따르면 지주사 DL㈜의 상반기 연결 기준... "
2026-09-28,네이버뉴스,"대우건설, 천안 '두정역 푸르지오 그랑피크' 1438가구 공급",https://www.thedailypost.kr/news/articleView.html?idxno=115862,"차별화된 조경과 커뮤니티 시설, 효율적인 주거 설계 등 푸르지오만의 상품 경쟁력을 갖춘 만큼 수요자들의 높은 관심을 기대하고 있습니다."" (대우건설 분양 관계자) 대우건설이 충남 천안에서 '두정역 푸르지오... "
2026-09-28,네이버뉴스,8월 해외수주 반등 착시… 절반은 증액분,https://www.fnnews.com/news/202609281814340394,"GS건설의 인도 LG전자 3공장(1억162만달러), 대우건설의 나이지리아 카두나·와리 정유시설 긴급보수(각각 8511만달러, 5209만달러) 사업에서도 증액이 이뤄졌다. 현대엔지니어링의 인도 현대자동차 푸네공장 공사... "
2026-09-28,네이버뉴스,"대우건설, 용인 반도체 국가산단 1공구 낙찰…4169억원 규모",http://www.4th.kr/news/articleView.html?idxno=2118787,"/용인시 제공 대우건설이 용인 첨단시스템반도체 클러스터 국가산업단지 조성공사 1공구 낙찰자로 선정됐다. 공사 대상 면적은 약 345만㎡로, 대우건설이 맡을 공사금액은 약 4169억원이다. 대우건설은... "
2026-09-28,네이버뉴스,"대우건설, 천안 '두정역 푸르지오 그랑피크' 분양…1438가구 규모",https://www.thepublic.kr/news/articleView.html?idxno=320327,"대우건설이 충남 천안시에서 '두정역 푸르지오 그랑피크' 견본주택을 열고 본격적인 분양에 나섰다. 28일 대우건설에 따르면 두정역 푸르지오 그랑피크는 천안시 서북구 성정동 일원에 지하 3층~지상 35층, 10개 동, 총... "
2026-09-28,네이버뉴스,천안을 다시 꿰는 빛의 숲… 두정역 푸르지오 그랑피크 내달 계약,https://m.skyedaily.com/news_view.html?ID=312174,대우건설 천안 원도심의 풍부한 생활 인프라와 신흥 주거타운의 미래가치를 동시에 누릴 수 있는 대단지 아파트가 공급된다. 대우건설은 28일 충청남도 천안시 서북구 성정동 511번지 일원에 조성되는 ‘두정역... 
2026-09-28,네이버뉴스,"[속보] 대우건설, 용인 반도체 클러스터 조성공사 1공구 낙찰자 선정…...",https://www.cbci.co.kr/news/articleView.html?idxno=610437,대우건설이 약 4169억원 규모의 용인 첨단시스템반도체 클러스터 국가산업단지 조성공사 1공구 사업의 낙찰자로 선정됐다고 28일 공시했다. 대우건설은 한국토지주택공사(LH)로부터 해당 사업의 낙찰자로... 
2026-09-28,네이버뉴스,"대우건설, 천안 '두정역 푸르지오 그랑피크 분양 중",https://news.einfomax.co.kr/news/articleView.html?idxno=4436737,"대우건설[047040]이 충청남도 천안시에 공급하는 '두정역 푸르지오 그랑피크'를 분양 중이라고 28일 밝혔다. 두정역 푸르지오 그랑피크 조감도[출처:대우건설] 두정역 푸르지오 그랑피크는 지하 3층~지상 35층, 10개동... "
2026-09-28,네이버뉴스,"[아유경제_재건축][단독] 동양건설산업, '청담현대1차' 수주전 참여… ...",http://www.areyou.co.kr/news/articleView.html?idxno=95546,"최근 도시정비업계에 따르면, 청담현대1차 소규모재건축 정비사업조합(이하 조합)이 이달 28일 오후 2시 조합 사무실에서 개최한 현장설명회에 동양건설산업을 비롯해 대우건설 계룡건설 BS한양 코오롱글로벌 호반건설... "
2026-09-28,네이버뉴스,"대우건설, 옛 KT&G 천안공장 부지 1438가구 조성",https://www.safetimes.co.kr/news/articleView.html?idxno=246052,대우건설이 시공하고 KT&G가 시행하는 충남 천안시 서북구 성정동 '두정역 푸르지오 그랑피크'가 옛 KT&G 천안공장 부지에 들어선다. 단지는 1438가구 규모로 조성되며 다음 달 당첨자 계약을 진행한다. 28일 대우건설에... 
2026-09-28,네이버뉴스,천안에 1438가구 대단지…대우건설 '두정역 푸르지오 그랑피크' 분양 본...,https://www.asiatoday.co.kr/kn/view.php?key=20260928010009767,"아시아투데이 김덕호 기자 = 대우건설이 '두정역 푸르지오 그랑피크' 분양에 본격적으로 나선다.28일 대우건설에 따르면 충남 천안시 서북구에 들어서는 두정역 푸르지오 그랑피크는 지하 3층~지상 35층, 10개동, 총... "
2026-09-28,네이버뉴스,가을 분양 본격화…10월 '초품아' 단지 잇따라 출사표,https://www.1conomynews.co.kr/news/articleView.html?idxno=50594,"대우건설은 인천시 서해구 청라동에서 '청라 아크원 푸르지오'를 분양할 예정이다. 지하 5층~지상 49층, 6개동 아파트(전용면적 84~103㎡) 868가구, 오피스텔(105~136㎡) 987실 규모로 구성된다. 단지 앞에 초등학교 신설이... "
2026-09-28,네이버뉴스,"[단독] 의정부 가능4구역 재개발, 대우건설 수주 '유력'",https://www.asiatime.co.kr/article/20260928500373,2차 현설 이어 입찰에도 단독 참여…내달 말 시공사 선정 총회 예정 지하 2층~지상 39층·1368가구 규모…대중교통·교육환경 갖춰 경쟁입찰 잇단 유찰에 수의계약 전환…대우건설 최종 선정 전망 [아시아타임즈=이현주... 
2026-09-28,네이버뉴스,"대우건설, 천안 '두정역 푸르지오 그랑피크' 견본주택 개관·분양 돌입",https://www.newsquest.co.kr/news/articleView.html?idxno=301643,"대우건설이 충청남도 천안시에 위치한 '두정역 푸르지오 그랑피크'의 견본주택을 열고 분양을 본격적으로 시작했다. 이 단지는 천안시 서북구에 들어서며, 총 1438세대 규모로 지하 3층부터 지상 35층까지 10개동으로... "
2026-09-28,네이버뉴스,"상계2구역, 관리처분인가 임박…내년 4월 이주 시작",https://news.mtn.co.kr/news-detail/2026092815493737512,다만 ‘1세대 1주택자로 10년 이상 보유하고 5년 이상 거주’하는 등 관련 요건을 충족한 경우엔 조합원 지위 양도가 가능하다.조합은 지난 8일 시공사인 대우건설·동부건설 컨소시엄과 공사도급계약도 마무리했다.... 
2026-09-28,네이버뉴스,"대우건설, '두정역 푸르지오 그랑피크' 분양 중",https://www.hankyung.com/article/202609289813O,대우건설이 충청남도 천안시에 공급하는 ‘두정역 푸르지오 그랑피크’의 견본주택을 개관하고 분양을 진행 중이라고 28일 밝혔다. '두정역 푸르지오 그랑피크'는 충청남도 천안시 서북구 성정동 일원에 위치하며... 
2026-09-28,네이버뉴스,"""두정역부터 천안IC까지""…1438가구 '푸르지오' 들어서는 '이곳'",https://realty.chosun.com/site/data/html_dir/2026/09/28/2026092803526.html,대우건설이 충남 천안시에 공급하는 ‘두정역 푸르지오 그랑피크’의 견본주택을 열고 분양에 나섰다고 28일 밝혔다. ‘두정역 푸르지오 그랑피크’는 천안시 서북구 성정동 일원에 위치한다. 지하 3층~지상 35층... 
2026-09-28,네이버뉴스,소규모 청담현대1차 현장설명회에 8개사 북적…사업성 개선이 키포인트,http://www.wikileaks-kr.org/news/articleView.html?idxno=192533,"28일 청담현대1차 소규모재건축 조합이 시공사 선정을 위한 현장설명회에 제일건설, 동양건설산업, 계룡건설, 코오롱글로벌, 호반건설, 대우건설, BS한양, 서희건설 등 8개사가 참석했다. 다수의 건설사가 현장설명회에... "
2026-09-28,네이버뉴스,대우건설 '두정역 푸르지오 그랑피크' 분양·푸르지오 스마트 커뮤니티...,http://www.wsobi.com/news/articleView.html?idxno=318837,대우건설이 '두정역 푸르지오 그랑피크'의 견본주택을 개관하고 본격적으로 분양을 진행하는 한편 푸르지오의 주거 서비스에 AIㆍ로봇 기술 및 오감 마케팅 등을 접목하며 커뮤니티 경쟁력 강화에 나섰다. 대우건설이... 
2026-09-28,네이버뉴스,"[위클리오늘] 대우건설, '두정역 푸르지오 그랑피크' 1438세대 분양",http://www.weeklytoday.com/news/articleView.html?idxno=796062,"대우건설이 충남 천안시 서북구 성정동 일원에 들어서는 '두정역 푸르지오 그랑피크' 분양에 나섰다. '두정역 푸르지오 그랑피크'는 성정동 511번지 일대에 지하 3층~지상 35층, 10개동 규모로 조성되며 총 1438세대가... "
2026-09-28,네이버뉴스,"하이로컬, 대우건설과 협업 확대...AI 통번역 ‘하이워커’ 현장 실증",https://idsn.co.kr/news/view/1065587108303442,▲ 대우건설 경영진과 하이로컬 윤정호 대표의 솔루션 시연 모습(사진: 하이로컬 제공) 하이로컬은 대우건설과 함께 국내 건설현장에서 AI 통번역·안전관리 솔루션 ‘하이워커(HiWorker)’의 적용 가능성을 살펴보고 해외... 
2026-09-28,네이버뉴스,10억 시세차익에 '줍줍 대전'…청약수요 몰린다,http://www.metroseoul.co.kr/article/20260928500334,철산자이 4가구에 5만4626명…과천·광진도 재공급 공공 우선매입 추진에 '막차' 심리도 과천 푸르지오 라비엔오./대우건설 분양 당시 가격으로 새 아파트를 살 수 있는 이른바 '줍줍' 물량에 청약 수요가 몰리고 있다.... 
2026-09-28,네이버뉴스,"인구 줄어드는 지방, 천안은 왜 늘었나…3년 새 약 9000명 증가",https://www.fntimes.com/html/view.php?ud=202609281440537722048b718333_18,"대우건설(대표이사 이강석)은 서북구 성정동에서 '두정역 푸르지오 그랑피크'를 공급하고 있다. 지하 3층~지상 최고 35층, 10개 동, 전용면적 59~114㎡ 총 1438가구 규모로 이달 청약을 진행했다. 천안은 최근 3년간 인구... "
2026-09-28,네이버뉴스,해외수주 반등의 착시…8월 실적 절반이 '계약 증액',https://www.fnnews.com/news/202609280915262375,대우건설의 나이지리아 카두나 정유시설 긴급보수 사업과 와리 정유시설 긴급보수 사업에는 각각 8511만달러와 5209만달러의 증액분이 반영됐다. 모잠비크 LNG 사업에서도 4400만달러가 늘었다. 싱가포르 마리나베이... 
2026-09-28,네이버뉴스,"﻿청주 '신분평 에피트 더웨이시티' 등 초품아 단지, 하반기에 연이어 ...",https://www.econovill.com/news/articleView.html?idxno=752028,"대우건설은 인천시 서해구 청라동에서 '청라 아크원 푸르지오'를 오는 10월에 분양할 예정이다. 지하 5층~지상 49층, 6개 동에 아파트(전용면적 84~103㎡) 868세대, 오피스텔(105~136㎡) 987실 등이 공급될 예정이다. 이... "
2026-09-28,네이버뉴스,수도권 줍줍 시장 관심작…'과천 푸르지오 라비엔오' 분양가는?,https://www.wikitree.co.kr/articles/1162434,당첨자 발표는 10월 2일에 개별 조회 방식으로 실시되며 당첨자 자격 확인 서류 접수는 10월 6일부터 10월 12일까지 대우건설 계약관리센터에서 실시된다. 정당 당첨자 계약 체결은 10월 13일에 진행되며 잔금 납부... 
2026-09-28,네이버뉴스,초품아 단지가 뜬다… 3040 실수요 '교육프리미엄' 주목,http://www.ikld.kr/news/articleView.html?idxno=341390,"대우건설은 인천시 서해구 청라동에서 '청라 아크원 푸르지오'를 오는 10월에 분양할 예정이다. 지하 5층~지상 49층, 6개 동에 아파트(전용면적 84~103㎡) 868세대, 오피스텔(105~136㎡) 987실 등이 공급될 예정이다. 이... "
2026-09-28,네이버뉴스,청약 양극화 속 '초품아' 불패 공식…3040 실수요자 잡은 '교육프리미엄...,http://www.newsdream.kr/news/articleView.html?idxno=118939,수도권에서는 대우건설이 인천 청라국제업무단지 일원에 '청라 아크원 푸르지오'(아파트 868가구·오피스텔 987실)를 선보일 예정이다. 단지 앞 초등학교 신설 부지와 경연초가 도보권에 자리한다. 경기 광주시... 
2026-09-28,네이버뉴스,3040 실수요자 초품아 단지 수요↑,https://www.donga.com/news/Economy/article/all/20260928/134741752/2,"대우건설은 10월 인천 서구 청라동에 청라 아크원 푸르지오를 선보일 예정이다. 아파트 868세대와 오피스텔 987실 규모로, 단지 앞 초등학교 신설이 예정돼 있고 경연초도 도보권에 있다. 경기 광주시 쌍령동에서는... "
2026-09-28,네이버뉴스,당첨되면 10억 시세차익…'과천 푸르지오 벨라르테' 분양가는?,https://www.wikitree.co.kr/articles/1162343,최종 계약은 10월 13일 대우건설 계약관리센터에서 체결된다.자금 마련 계획도 치밀하게 세워야 한다. 당첨자는 계약 체결 시점에 전체 공급금액의 20%에 해당하는 1억 9043만 원을 계약금 명목으로 납부해야 한다. 나머지... 
2026-09-28,네이버뉴스,[미르의 글로벌 레이더]대우건설이 놓은 ‘철길’ 430㎞로 잇는다…잠비...,https://www.mediapen.com/news/view/1126214,대우건설이 6년 전 아프리카 잠비아와 보츠와나 국경에 건설한 카중굴라 대교의 '철길'이 총연장 약 430㎞에 달하는 남부 아프리카 국제철도의 핵심 연결고리로 다시... 
2026-09-28,네이버뉴스,"[도시정비시장 풍향계] GS건설, 독산2구역 시공권 노리나…1차 현설 단독...",https://www.dnews.co.kr/uhtml/view.jsp?idxno=202609281606339280608,첫 현장설명회(현설)에는 GS건설이 단독으로 참석했다. 28일 도시정비업계에 따르면 독산2구역 재개발 정비사업 조합은 지난 24일 시공사 선정을 위한 1차 현설을 개최했다. 이날 현설에는 GS건설만 자리했다.... 
2026-09-28,네이버뉴스,"'착공 시한' 넘긴 대한방직 개발… 전주시, 자광에 사업 계속 맡긴다",https://www.hankookilbo.com/news/article/A2026092811080000004?did=NA,"현재 자광은 포스코이앤씨·GS건설 등 대형 건설사들과 공사기간과 공사비 등을 협의하며 도급계약 체결을 위한 막바지 협상을 진행 중이다. 그러나 일각에서는 ""전주시가 협약상 착공 의무를 지키지 못한 자광에 사업... "
2026-09-28,네이버뉴스,"전주시, 대한방직 ‘동별 사용검사’ 불가…착공시한 대응엔 ‘봐주기...",https://www.kmib.co.kr/article/view.asp?arcid=9000017769&cp=nv,자광은 포스코이앤씨·GS건설 등 4곳 안팎의 건설사와 공사비와 시공 조건을 조율하고 있으며 최종 공정계획은 시공사 선정 이후 확정한다는 입장이다. 다만 자광은 공동주택의 ‘동별 사용검사’ 가능 여부를 전주시에 세... 
2026-09-28,네이버뉴스,"GS건설, 안산 성포동에 '아르뮤제자이' 공급...총 1354가구 규모",https://magazine.hankyung.com/money/article/202609289522c,"GS건설이 경기 안산시 상록구 성포동에 아파트와 오피스텔을 합쳐 총 1354가구 규모의 '아르뮤제자이'를 공급한다. 아르뮤제자이는 지하 6층~지상 49층, 6개 동으로 조성된다. 아파트 4개 동 984가구와 오피스텔 2개 동... "
2026-09-28,네이버뉴스,"복대자이 더 스카이 상업시설, 공단오거리 인접·배후수요 확보",http://www.ikld.kr/news/articleView.html?idxno=341394,복대자이 더 스카이는 GS건설의 자이(Xi) 브랜드가 적용된 주거단지로 715세대 규모다. 단지 내 상업시설은 주거공간과 가까운 위치에 배치돼 일상적인 생활 편의시설을 이용할 수 있는 공간으로 조성됐다. 주변 주거지역과... 
2026-09-28,네이버뉴스,"GS건설, 임직원 AI 솔루션 직접 개발… 현업 적용 확대",https://www.cnbizm.com/news/articleView.html?idxno=316303,문화경제 | CNB저널 | 씨앤비저널 GS건설이 임직원의 인공지능(AI) 활용 역량을 높이는 데서 나아가 직접 개발한 AI 솔루션을 실제 업무에 적용하는 단계로 전환하고 있다. GS건설은 지난 6월부터 진행한 사내 AI 활용... 
2026-09-28,네이버뉴스,"[이슈] 하나금융, 미래산업에 반도체·AI·에너지 분야 금융 확대",https://www.datasom.co.kr/news/articleView.html?idxno=210110,"4월에는 GS건설 및 관련 자회사들과 AI 데이터센터 개발을 비롯한 첨단산업 분야 협력을 위한 업무협약을 체결했다. 투자와 펀드 조성, 공동투자 등이 협력 내용에 포함됐다. AI 인프라와 에너지 금융 연결 AI 데이터센터에... "
2026-09-28,네이버뉴스,"GS건설, 로봇 현장적용 전 테스트… 검증센터 구축",https://www.arunews.com/news/articleView.html?idxno=67500,GS건설은 경기 용인시 GS건설 기술연구소 내 일부 공간을 리모델링해 새로운 기술과 건설로봇을 실제 현장에 투입하기 전 성능과 운영 가능성을 검증하는 '사전검증센터(PoC 센터)'를 마련했다고 지난 22일 밝혔다.... 
2026-09-28,네이버뉴스,"GS건설, 건설로봇 '사전검증센터' 구축… 현장 적용성 검증",https://www.cnbizm.com/news/articleView.html?idxno=316275,문화경제 | CNB저널 | 씨앤비저널 GS건설이 건설로봇과 인공지능(AI) 기술을 실제 현장에 적용하기 전 성능과 운영 가능성을 검증하는 사전검증센터를 구축했다. GS건설은 최근 경기도 용인시 기술연구소 일부 공간을... 
2026-09-28,네이버뉴스,내집마련 초기 부담 줄였다…'음성자이 센트럴시티' 분양,https://www.edaily.co.kr/News/Read?newsId=02194326645584712&mediaCodeNo=257&utm_source=naver&utm_medium=referral&utm_campaign=news_syndication&utm_content=original_article,GS건설이 충청북도 음성군 금왕읍 무극리 일원에 공급한 ‘음성자이 센트럴시티’ 역시 비규제 지역에 들어선 이점을 누리며 주목을 받고 있다. 단지는 다양한 세제 및 금융 혜택을 통해 수요자의 초기 비용 부담을... 
2026-09-28,네이버뉴스,‘오피스텔’ 목동윤슬자이 예상밖 흥행…고분양가에도 수요 넘쳐,https://dealsite.co.kr/articles/169639,"GS건설이 시공한다. 청약통장과 주택 소유 여부, 거주지역 등에 관계없이 만 19세 이상이면 청약할 수 있으며 100% 추첨제로 당첨자를 선정한다. 당초 시장에서는 흥행 여부에 대한 우려가 적지 않았다. 분양가가 만만치... "
2026-09-28,네이버뉴스,주거 환경 개선하고 재난 구호 앞장… 취약계층 보듬는 GS그룹 [ESG클린리...,https://www.hankookilbo.com/news/article/A2026091417260004290?did=NA,공간 개선해 아이들 일상·지역사회 바꾸는 GS건설 GS건설은 '공간 개선형 사회 공헌' 활동으로 아이들의 일상과 지역사회 환경 개선을 돕고 있다. GS건설 사회 공헌의 두 가지 핵심 축은 미래 세대 자립과 지역사회... 
2026-09-28,네이버뉴스,"600억 대위변제에 공사비 1300억 일부 대손…롯데건설, 부산발(發) 손실...",https://www.newsquest.co.kr/news/articleView.html?idxno=301644,롯데건설이 부산 해운대 개발사업에서 시행사의 대출금 600억원을 대신 갚았지만 구체적인 회수 방안은 아직 정해지지 않은 것으로 확인됐다. 롯데건설은 해운대 사업이 정상적으로 진행되거나 다른 회사가 사업을... 
2026-09-28,네이버뉴스,채용문 여는 유통업계…인재 모시기 '변주곡',https://www.sisaon.co.kr/news/articleView.html?idxno=204735,이번 채용에는 롯데백화점·롯데웰푸드·롯데건설·롯데이노베이트 등 15개 계열사가 참여한다. 영업·마케팅·R&D·AI 등 50여 개 직무에서 세 자릿수 규모로 신입사원을 선발할 예정이다. 특히 롯데이노베이트와... 
2026-09-28,네이버뉴스,"롯데건설, 재무지표 개선 속 지방 사업장 리스크 관리 시험대",https://theviewers.co.kr/View.aspx?No=4242762,뷰어스 서효림·오아름 기­자 ar0707@viewers.co.kr 프로젝트파이낸싱(PF) 우발채무를 줄이고 수익성을 회복해온 롯데건설이 부산 지역 사업장에서 수주 및 자금 회수 관련 변수를 맞이했다. 일부 사업장의 자금 부담이... 
2026-09-28,네이버뉴스,"롯데건설, 자율주행 로봇으로 건설현장 자동화 확대…스마트건설 기술...",https://www.koreaittimes.com/news/articleView.html?idxno=157556,롯데건설이 건설현장에서 4족 보행 로봇 '스팟(SPOT)'을 활용해 현장 데이터 수집 및 스마트건설 기술을 실증하는 모습. 롯데건설은 자율주행 로봇을 활용한 자재운반 자동화로 로봇 기술의 적용 범위를 확대하고 있다.... 
2026-09-28,네이버뉴스,10월 수도권 2만4600가구 분양…화성·광주·인천 대단지 줄줄이 출격,https://www.etoday.co.kr/news/view/2629745,"화성 향남읍에서는 롯데건설이 ‘화성 향남 롯데캐슬 시그니처’ 1542가구를 선보일 예정이다. 지하 3층~지상 최고 29층, 17개 동으로 전용면적 84~120㎡로 구성된다. 전용 84㎡가 1331가구로 전체의 대부분을... "
2026-09-28,네이버뉴스,"'중앙공원 시공권 분쟁' 한양, 440억 대 위약금 1심 승소",https://www.ikbc.co.kr/article/view/kbc202609280005,한양에 441억 원을 지급하라고 판시했습니다. 다만 한양이 롯데건설 등을 상대로 낸 SPC 주식 반환 청구는 재판부에서 받아들이지 않아 중앙공원 1지구 아파트 건설 사업은 별다른 변동 없이 진행될 예정입니다.
2026-09-28,네이버뉴스,"인프라 다 갖춘 마곡지구, 서남선 구상 및 글로벌 기업 R&D 거점 논의 이...",https://www.apnews.kr/news/articleView.html?idxno=3051420,"이러한 가운데  롯데건설은 서울 강서구 마곡도시개발사업지구 CP2블록에서 '롯데캐슬 르웨스트'를 공급 중이다. 단지는 지하 6층~지상 15층, 5개 동 규모로 조성된 복합 주거단지로, 전용면적 45~103㎡ 오피스텔 876실과... "
2026-09-28,네이버뉴스,"롯데, 실질적 지원으로 상생 도모…“파트너와 함께 성장”",https://www.etnews.com/20260928000015,"조기 지급에는 롯데백화점, 롯데건설, 롯데글로벌로지스, 롯데마트 등 27개 계열사가 동참했다. 파트너사를 위한 다양한 지원 제도도 운영한다. 약 1조원 규모 동반성장펀드를 조성해 운영자금 조달 부담을 줄이고... "
2026-09-28,네이버뉴스,"고급 주거시설, 커뮤니티 경쟁 본격화… '소요한남 by 파르나스' 웰니스...",https://magazine.hankyung.com/business/article/202609289733b,"시공은 포스코이앤씨가 맡았다. 분양 관계자는 ""소요한남 by 파르나스는 골프, 수영, 스파 등 전문 웰니스 시설과 넉넉한 커뮤니티 면적을 갖춘 것이 특징""이라고 말했다. 한편, 소요한남 by 파르나스 갤러리는 리노베이션... "
2026-09-28,네이버뉴스,"인천항만공사, 해양 안전교육부터 블루카본까지…'상생의 항만' 만든다",https://www.hankyung.com/article/2026092884801,"공사는 올해부터 포스코이앤씨, 해양경찰청, 월드비전 등과 함께 소래습지 생태공원에서 ‘하이 블루카본’ 프로젝트를 본격적으로 추진하고 있다. 지난 3월에는 유관기관 직원과 시민 50여 명이 참여해 해홍 종자 100㎏을... "
2026-09-28,네이버뉴스,동탄에 최고 49층·1808가구 ‘아크메르(ACMER)’…10월 중순 분양,https://theviewers.co.kr/View.aspx?No=4243469,뷰어스 문형민 기­자 mhyung13@viewers.co.kr 포스코이앤씨가 시공하는 경기 화성 동탄신도시 1808가구 규모 주상복합단지가 ‘아크메르 동탄(ACMER DONGTAN)’이라는 독립 브랜드로 공급된다.아크메르 동탄은 경기 화성시... 
2026-09-28,네이버뉴스,대구 2분기 건설 계약 7천억원…17개 시·도 중 최저,https://www.imaeil.com/page/view/2026092810044924412,국내 10대 건설사인 포스코이앤씨는 인천 송도에서 실제 본사 업무를 하지만 등기상 본사는 포항에 있다. 지난해 연간으로도 경북 본사 기준 계약액(18조2천억원)이 현장 기준(11조8천억원)보다 6조원 이상... 
2026-09-28,네이버뉴스,“틈새 공략” 서울 정비사업서 활로 찾는 중견건설사,https://www.sedaily.com/article/20095739?ref=naver,대전광역시에 본사를 둔 계룡건설산업도 서울 정비사업 수주를 확대하고 있다. 지난 5월 구로구 고척동 241-2번지 일대 가로주택정비사업을 수주한 데 이어 이달에는 종로구 신영동 신영 제1구역 주택재개발정비사업... 
2026-09-28,네이버뉴스,"현대엔지니어링, 8700억 군산 AI 데이터센터 수주…연내 1.9조 정조준",https://www.thepublic.kr/news/articleView.html?idxno=320330,현대엔지니어링이 8700억원 규모의 군산 AI 데이터센터 사업을 수주하며 데이터센터 시장 공략에 속도를... 늘어나면서 건설사들의 관련 시장 진출도 확대될 것으로 보고 있다. 특히 기존 산업플랜트에서 축적한 전력... 
2026-09-28,네이버뉴스,건설수주도 반도체 훈풍 … 회복 온기는 대형사 쏠려,https://www.mk.co.kr/article/12162861,"기업 규모별로는 상위 건설사에서 증가 폭이 두드러졌다. 상위 1~50위 기업의 계약액은 44조7000억원으로 전년 대비 58% 증가했다. 반면 51~100위 업체 계약액은 4조5000억원으로, 18% 감소했다."
2026-09-28,네이버뉴스,"2분기 건설공사 계약액 80.9조, 반도체 힘입어 10년 사이 최고 수준 육박",https://www.businesspost.co.kr/BP?command=article_view&num=448050,"반면 51~100위 기업은 4조5천억 원으로 18.0% 줄어 중견 건설사 수주 회복은 지연되는 양상을 보였다. 공사 현장 소재지 기준으로는 수도권이 43조6천억 원으로 전년 동기 대비 27.8%, 비수도권은 37조2천억 원으로 26.7... "
2026-09-28,네이버뉴스,"아이돌봄 대기만 5개월, 예산 10배 오기 의결…김해시 행정 '구멍'",https://www.newsgn.com/news/articleView.html?idxno=576440,"김해시가 건설사에 제공한 '우수 전문건설업체 추천 명단'에 없는 3개 업체가 각각 282억원, 162억원, 111억원 규모의 대형 하도급을 수주한 것으로 드러났다. 주 의원은 ""시가 기준을 세워 만든 우수업체 명단에도 없는... "
2026-09-28,네이버뉴스,'확장서 압축으로' 길은 잡았는데…포항시 도시계획 첫 단추부터 삐끗,https://www.imaeil.com/page/view/2026092815455731100,그 결과 관내 공사를 수주하는 건설사 임원과 행정을 감시해야 할 언론사 간부들이 대거 위촉되며 이해충돌 논란을 불렀다. 심지어 과거 도시계획 부서 재직 중 비위로 쫓겨난 전직 공무원까지 심의위원에 이름을... 
2026-09-28,네이버뉴스,"한전기술, '엔릿 아시아 어워즈 올해의 발전소' 본상 수상",http://www.wowtv.co.kr/NewsCenter/News/Read?articleId=A202609280155&t=NN,"국영건설사 아디카르야가 함께 이름을 올렸다. 한전기술은 주기기 조달·운송과 사업관리를 총괄했다.... 복합화력·해상풍력 발전 및 전력망 확충 등 후속 사업 수주 경쟁력을 한층 높여 나가겠다""고 말했다."
2026-09-28,네이버뉴스,2분기 건설계약 80조원 찍었지만… 대형사·설비만 웃었다,http://www.the-biz.co.kr/news/articleView.html?idxno=728445,다만 계약액 증가분이 산업설비와 시공능력평가 상위 50개 건설사에 집중된 데다 이후 건설수주와 고용 지표도 부진해 건설업 전반의 회복으로 판단하기는 이르다는 평가가 나온다. ◆산업설비가 이끈... 
2026-09-28,네이버뉴스,"건설경기 반등?...업계에서는 ""일시적 현상으로 봐야""",https://www.fnnews.com/news/202609281514357028,8% 수준까지 회복한 것이다. 이를 두고 일각에서는 건설 업계가 회복 단계에 돌입한 것 아니냐는 목소리를 제기했다. 하지만 업계에서는 당분간 지켜봐야 한다는 분위기다. 한국건설산업연구원이 지난 10일 발표한 8월... 
2026-09-28,네이버뉴스,"한전기술, 인니서 ‘올해의 발전소’ 수상…동남아 전력 시장 수주 박차",http://www.metroseoul.co.kr/article/20260928500331,"김태균 사장 ""인도네시아 기반, 동남아 복합화력·해상풍력 등 후속사업 수주 경쟁력 높일 것... 발전소 건설 사업으로 아시아 최고 권위의 전력 인프라 어워즈에서 본상을 수상하며 글로벌 엔지니어링 기술력을... "
2026-09-28,네이버뉴스,한전기술 '엔릿 아시아 2026 올해의 발전소' 수상,https://www.todayenergy.kr/news/articleView.html?idxno=303538,"발전소 건설사업'으로 '올해의 발전소(Power Plant Project of the Year)' 부문 본상을 공동 수상했다고 28일... 복합화력·해상풍력 발전과 전력망 확충 등 후속 사업 수주 경쟁력을 한층 높여 나가겠다""고 말했다."
2026-09-28,네이버뉴스,"현대엔지니어링, 군산 SGC AI 데이터센터 신축사업 따냈다.",https://www.getnews.co.kr/news/articleView.html?idxno=881900,이 밖에 현재 인천과 경북 구미에서 추진 중인 데이터센터 사업의 우선협상대상자로 선정됨에 따라 연내 계약 체결이 끝나면 올해 데이터센터 분야의 수주 규모만 약 1조9000억원에 달할 것으로 건설사 측은 예측했다.... 
2026-09-28,네이버뉴스,한전기술 ‘올해의 발전소’ 수상,https://www.naeil.com/news/read/603493?ref=naver,발전소 건설사업으로 ‘올해의 발전소’ 부문 본상을 공동 수상했다고 27일 밝혔다. 엔릿 아시아 어워즈는... 동남아 시장에서 복합화력·해상풍력 발전과 전력망 확충 등 후속 사업의 수주를 늘려나가겠다”고 말했다.
2026-09-28,네이버뉴스,반도체 공장에 건설계약 80조원…4년 전 고점 근접,https://www.dt.co.kr/article/12086102?ref=naver,다만 수주 증가가 대형 건설사에 집중되면서 업체 규모에 따른 온도차도 뚜렷했다. 국토교통부는 올해 2분기 건설공사 계약액이 80조9000억원으로 지난해 같은 기간보다 27.3% 증가했다고 28일 밝혔다. 2분기... 
2026-09-28,네이버뉴스,지정학 리스크 정면 돌파…반도체·산업설비가 견인한 2분기 건설 '80조...,https://www.thepublic.kr/news/articleView.html?idxno=320196,"다만, 해외 수주 텃밭인 중동발 수주 가뭄이 점쳐졌던 것과 달리, 막상 뚜껑을 열어보니 수치는 반전의... 시공능력 평가 상위 1∼50위 대형 건설사의 2분기 계약액은 44조 7,000억 원으로 작년 동기보다 58.0% 급증했다.... "
2026-09-28,네이버뉴스,"'분양 안 해요, 공사만 합니다' … 중견 건설사, 자체사업 줄여나가는 ...",https://biz.newdaily.co.kr/site/data/html/2026/09/28/2026092800108.html,"누적 수주액 약 1조1200억원을 기록했다. 강동하남남양주선 광역철도 3공구와 아산탕정2 도시개발사업 조성공사, 인천 도화 B-3블록 민간참여 공공주택 건설사업 등을 확보했다. 동부건설은 산업시설 공사에서 매출을... "
2026-09-28,네이버뉴스,한전기술 인니 발전소 '엔릿 아시아 올해의 발전소' 수상,https://www.imaeil.com/page/view/2026092809322757780,"국영건설사 PT 아디카르야가 함께 이름을 올린 '원팀' 성과다. 한국전력기술은 EPC 컨소시엄에 참여해 주기기... 프로젝트 수주에 긍정적인 파급효과를 낼 것으로 평가된다. 김태균 한국전력기술 사장은 ""이번 수상은... "
2026-09-28,네이버뉴스,"한전기술, 인도네시아 현지 발전소 사업으로 '올해의 발전소' 수상",http://www.efnews.co.kr/news/articleView.html?idxno=132671,"발전소 건설사업을 통해 국제무대에서 엔지니어링 역량을 인정받았다. 한전기술은 이번 수상을 계기로... 전력망 확충 등 후속 사업 수주 경쟁력을 한층 높여 나가겠다""고 말했다. [파이낸셜신문=황병우 기자]"
2026-09-28,네이버뉴스,"반도체가 끌어올린 건설수주…2분기 계약액 80.9조, 27% 급증",https://www.pinpointnews.co.kr/news/articleView.html?idxno=490698,지난해 같은 기간보다 27% 이상 급증하며 최근 10년간 2분기 기준 역대 최고 수준에 근접했다. 다만 증가세가 대형 건설사와 반도체·에너지 등 특정 대형 프로젝트에 집중되면서 건설경기 전반의 회복으로... 
2026-09-28,네이버뉴스,"한국전력기술 주도한 인니 숨바와-2·토벨로 발전소, '엔릿 아시아 2026 ...",http://www.e-platform.net/news/articleView.html?idxno=105708,"발전소 건설사업'으로'올해의 발전소(Power Plant Project of the Year)'부문 본상을 공동 수상했다고 밝혔다.... 복합화력·해상풍력 발전과 전력망 확충 등 후속 사업 수주 경쟁력을 한층 높여 나가겠다""고 말했다."
2026-09-28,네이버뉴스,"[모닝 리포트] ""HL D&I, 실적 개선 지속·주주환원 주목""",https://www.newspim.com/news/view/20260928000093,HL D&I는 주택·건축과 토목 등을 주요 사업으로 영위하는 건설사다. 한화투자증권은 양호한 주택 마진과... 양호한 주택 마진과 비용 안정화로 이익 개선 흐름은 이어지겠지만 상반기 수주 실적과 연간 분양계획을... 
2026-09-28,네이버뉴스,한전기술 참여 인니 발전소 2곳 '올해의 발전소' 수상,http://www.ikld.kr/news/articleView.html?idxno=341365,"발전소 건설사업'이 '올해의 발전소(Power Plant Project of the Year)' 부문 본상을 공동 수상했다고 밝혔다.... 사업 수주에 나설 계획이다. 김태균 한국전력기술 사장은 ""이번 수상은 한전기술의 사업관리와... "
2026-09-28,네이버뉴스,30조원 대미투자 첫발에도… 유진證 “국내 발전·전력기기 수주 확정은...,https://biz.chosun.com/stock/stock_general/2026/09/28/DSPK4XIQO5A73EYCCSDCUII37M/?utm_source=naver&utm_medium=original&utm_campaign=biz,"기업의 수주로 연결되기는 어렵다는 분석을 28일 내놓았다. 황성현 유진투자증권 연구원은 “국회 보고... 국내 시장에서는 두산에너빌리티의 터빈 발전기, 비에이치아이의 배열회수보일러(HRSG), 전력기기, 건설사의... "
2026-09-28,네이버뉴스,올해 2분기 건설공사 계약액 80조 돌파…전년比 27.3%↑,https://www.sentv.co.kr/article/view/sentv202609280005,"반면 51~100위 기업은 4조 5000억원으로 18.0% 감소했으며, 101~300위는 3.5%, 301~1000위는 4.7% 증가에 그쳐 대형사와 중견·중소 건설사 간 수주 양극화가 뚜렷했다. 현장 소재지 기준으로는 수도권이 43조 6000억원으로... "
2026-09-28,네이버뉴스,반도체 호조에 2분기 건설계약액 27% 증가…상위 50개사 싹쓸이,https://view.asiae.co.kr/article/2026092808412650582,막대한 자본력과 고도의 기술력을 요구하는 반도체 생산시설 공사 특성상 주로 소수 대형 건설사가 수주를 도맡는다. 산업설비를 포함한 토목 계약액은 25조5000억원으로 57.5% 늘었다. 건축은 주택과 업무... 
2026-09-28,네이버뉴스,"한전기술, 인니 발전소로 '엔릿 아시아' 수상…동남아 수주 발판 넓힌다",https://www.megaeconomy.co.kr/news/newsview.php?ncode=1065607066914167,발전소 건설사업’이 ‘올해의 발전소’ 부문을 수상했다고 27일 밝혔다. 숨바와-2와 토벨로 발전소는 각각... 사업 수주로 영역을 넓힌다는 계획이다. 김태균 사장은 “사업관리와 엔지니어링 역량을 국제무대에서... 
2026-09-28,네이버뉴스,중견건설사 수주잔고 뜯어보니…'공공'이 버팀목,http://www.hansbiz.co.kr/news/articleView.html?idxno=867834,/ 연합뉴스 | 서울=한스경제 한나연 기자 | 민간 주택시장 불확실성이 이어지면서 중견건설사들이 공공·토목과 산업시설 등 비주택 분야로 수주 포트폴리오를 넓히고 있다. 기존 확보한 주택사업이 수주잔고에서 여전히... 
2026-09-28,네이버뉴스,"옛 대한방직 개발사업 “착공기한 넘겼는데…” 전주시, 자광에 사실상...",https://www.segye.com/newsView/20260928515522?OutUrl=naver,"김동욱 기자 하지만, 자광은 자금 조달과 시공사 선정에 어려움을 겪으면서 기한 내 착공하지 못했다. 자광은 아파트를 먼저 분양·준공한 뒤 관광타워와 상업시설 등을 차례대로 추진하는 단계별 준공을 요구했지만... "
2026-09-28,네이버뉴스,"자광, 착공 실패했지만 대한방직 개발 계속…전주시 '속행' 결정",https://www.ppss.kr/news/articleView.html?idxno=312720,그러나 자금 확보와 시공사 선정 문제로 정해진 일정 안에 공사를 시작하지 못했다. 전주시와 자광이 체결한 사업 시행 협약서 14조에는 주택건설사업계획 승인을 받은 뒤 1년 이내 착공하지 않을 경우 사업을... 
2026-09-28,네이버뉴스,첫 삽도 못 뜬 1640억 포항 양덕푸른지구…공정률 ‘0%’인데 공사 중지,https://www.kbmaeil.com/article/20260928500268,"양덕푸른지구 도시개발사업조합장은 “공사대금 일부로 시공사에 체비지를 지급했지만, 시공사 역시 이를... 공사 재개 요청이 들어오면 감리 선정 등 관련 기준을 검토해 절차를 밟을 예정”이라고 밝혔다. /임창희·"
2026-09-28,네이버뉴스,"현대엔지니어링, 6개월 만에 1.9조 '데이터센터 수주'···AI 인프라 정...",https://www.smartbizn.com/news/articleView.html?idxno=155016,"관리하느냐가 시공사의 경쟁력을 가르는 요소가 될 것""이라고 말했다. 현대엔지니어링이 데이터센터... 현재 인천과 경북 구미에서 추진 중인 데이터센터 사업에서도 우선협상대상자로 선정됐으며, 연내 계약 체결을... "
2026-09-28,네이버뉴스,옛 대한방직 개발사업 착공기한 도래…전주시-자광 '동시 착공-준공' 원...,http://www.jeollailbo.com/news/articleView.html?idxno=812238,"향후에는 자광의 시공사 선정과 도급계약 체결, 실제 착공 여부와 함께 동시 착공·준공 원칙을 사업에 어떻게 반영할지가 변수로 남게 됐다. 전주시 관계자는 ""옛 대한방직 부지 개발사업은 동시 착공·동시 준공 원칙에... "
2026-09-28,네이버뉴스,부동산 'PF 좀비사업장' 퇴출 대신 회생···구조조정 '구두선',https://www.seoulfn.com/news/articleView.html?idxno=638802,캠코펀드는 기존 PF채권을 인수하고 시행사로부터 토지와 사업권을 확보한 뒤 도시형생활주택이던 사업계획을 아파트로 바꾸고 신규 시공사를 선정했다. 이후 본PF 조달과 착공을 거쳐 현재 178가구가 모두 분양됐으며... 
2026-09-28,네이버뉴스,"옛 대한방직 사업 '1년 내 착공' 무산…전주시 ""협약보다 법""",https://news.skbroadband.com/news/articleView.html?idxno=238784,"[조지훈 / 전주시장(28일 시정 업무보고)] ""어떤 경우에도 동시 착공, 동시 준공이라고 하는 그 원칙은 변하지 않는다라고 하는 건 명확한 거고요."" 자광은 시공사 선정 협상이 막바지에 이르렀다며, 동시 착공·동시... "
2026-09-28,네이버뉴스,"이상일 용인특례시장 ""세계 최대 용인 반도체클러스터 완성…실행으로...",https://www.hankyung.com/article/2026092884561,"국도 45호선 확장사업은 예타 면제를 받아 시공사 선정 입찰이 시작됐고, 반도체고속도로와 용인~성남·용인~충주고속도로 등 민자 고속도로 사업도 잇따르고 있다. 철도망은 동백~신봉선과 용인경전철 광교연장선 등이... "
2026-09-28,네이버뉴스,"'속도 조절' 나선 폭스바겐, 캐나다 배터리 공장 가동 2년 연기",https://www.theguru.co.kr/news/article.html?no=107575,"이어 ""시공사가 선정돼 현장에 70억 캐나다달러 규모의 생산 설비와 인프라가 들어서고 있는 만큼, 이는 분명 환영할 만한 일""이라고 말했다. 캐나다 온타리오주 세인트토머스 파워코 공장 조감도. (사진=파워코)"
2026-09-28,네이버뉴스,"착공기한 넘긴 대한방직 부지 개발…전주시 ""협약 조속히 이행해야""",https://www.news1.kr/local/jeonbuk/6303239,하지만 시공사 선정이 늦어지면서 착공도 늦어지고 있는 상황이다. 대형 건설사들이 아파트와 타워를 동시 착공하고 동시 준공하는 것에 난색을 표하면서다. 건설사들과 입장차를 좁히지 못하면서 자광은 결국 협약서에... 
2026-09-28,네이버뉴스,"옛 대한방직 부지 '착공 기한' 넘겼는데…전주시 ""사업 속행""",https://news.tvchosun.com/site/data/html_dir/2026/09/28/2026092890109.html,"하지만 자금 조달과 시공사 선정에 어려움을 겪으면서 기한을 지키지 못했다. 전주시는 협약서에 주택건설사업계획 승인일로부터 1년 이내 착공하지 않으면 사업을 무효 또는 취소할 수 있도록 규정돼 있지만, 주택법은... "
2026-09-28,네이버뉴스,엄포만 놨다 자광에 길 터준 전주시…'사업 취소' 공언 공염불,https://www.yna.co.kr/view/AKR20260928081000055?input=1195m,"그러나 부동산 경기 침체와 프로젝트파이낸싱(PF) 시장 경색, 시공사 선정 난항 등에 부딪힌 자광은 태도를 바꿨다. 수익성이 높고 자금 회수가 빠른 아파트를 먼저 분양·준공한 뒤 타워와 상업시설 등은 순차적으로... "
2026-09-28,네이버뉴스,"방학역 도심복합, 건축물 해체공사 착공",https://www.arunews.com/news/articleView.html?idxno=67510,"지난 2021년 12월 지구 지정 이후 주민대표회의 구성, 사업계획 승인, 시공사 선정, 주민 이주 등을 거쳐 이번에 해체공사 착공까지 이르렀다. 한국토지주택공사(LH)는 건축위원회 심의와 해체 허가, 감리자 선정까지... "
2026-09-28,네이버뉴스,"현대엔지니어링, 데이터센터 전담조직 출범 6개월 만에 8700억원 규모 수...",https://www.megaeconomy.co.kr/news/newsview.php?ncode=1065572084113995,"현재 인천과 경북 구미에서 추진되는 데이터센터 사업에서도 우선협상대상자로 선정돼 연내 계약 체결을... 3GW(기가와트) 규모로, 현대엔지니어링은 이 가운데 300MW 규모 1단계 사업에 시공사로 참여할 예정이다.... "
2026-09-28,네이버뉴스,[단독] 이주하고 새 집 입주까지 최소 6년 걸린다,https://www.wowtv.co.kr/NewsCenter/News/Read?articleId=A202609280145&t=NNv,"서울 재건축·재개발 사업이 실제 착공에 들어가기까지, 이주를 마치고도 평균 2년 가까이 걸리는 것으로... 시공사의 도움으로 이주비 대출 문제는 해결했지만, 주민들은 최고 7.5%에 달하는 이자를 내야하는 상황입니다.... "
2026-09-28,네이버뉴스,대전 둔산·송촌 재건축 사업 조기 추진·완공을 위한 최선의 선택은?,http://www.breaknews.com/1239525,"마지막으로 공공재건축 방식은 LH나 SH, 지방 도시공사 등 공공기관이 참여하여 재건축을 시행하는 형태다. 용적률 상향과 종상향 등 강력한 인센티브와 규제 완화를... "
2026-09-28,네이버뉴스,[인터뷰]김홍관 서문시장 4지구시장정비사업조합장…“10년 기다린 서문...,https://www.kbmaeil.com/article/20260926500099,가까이 재건축을 기다려온 대구 서문시장 4지구가 마침내 착공을 위한 막바지 절차에 들어섰다.... 관리처분계획인가까지 마친 조합은 시공사 본계약과 조합원·일반분양 등 후속 절차를 밟아 공사에 들어갈 예정이다. 김... 
2026-09-28,네이버뉴스,"조합원지위확인, 왜 필요하고 언제 제기해야 할까? 정비사업 속 권리 방...",http://www.ikoreanspirit.com/news/articleView.html?idxno=87453,"재개발·재건축 등 도시정비사업이 진행되는 현장에서는 조합원과 시공사, 혹은 조합 집행부 간의 크고 작은 갈등이 끊이지 않는다. 사업 구역 내에 토지나 건축물을 소유하고 있으니 당연히 조합원 자격이 주어질 것이라... "
2026-09-28,네이버뉴스,가을 분양 큰 장 선다…전국 50개 단지 3.8만가구 공급,https://www.asiatime.co.kr/article/20260928500279,"분양 성수기를 맞아 신규 아파트 공급이 본격화될 전망이다. 10월에만 전국에서 3만 가구가 넘는 물량이... 이 단지는 산곡6구역 주택재개발정비사업을 통해 지하 3층~지상 최고 33층, 20개 동 규모로 조성된다.... "
2026-09-28,네이버뉴스,10월 분양 3.8만가구…수도권에 65% 집중,https://www.mstoday.co.kr/news/articleView.html?idxno=102692,"인천에서는 산곡동 재개발 사업을 통해 2700여 가구 규모의 대단지가 공급되며, 청라와 검단... 가을 성수기를 맞아 공급은 크게 확대됐지만, 시장은 과거처럼 무조건적인 청약 열기보다는 실수요 중심의 선별적... "
2026-09-28,네이버뉴스,[COP31 튀르키예 안탈리아로 가는길]④석유·가스 대신 '전기'...전기화...,https://www.esgeconomy.com/news/articleView.html?idxno=16841,"따라서 한국의 에너지정책 역시 단순히 ""재생에너지를 몇 GW 설치할 것인가"" 또는 ""원전을 몇 기 건설할 것인가""만으로는 충분하지 않다. 더 근본적인 질문은 앞으로 늘어날 전력수요를 어디에서 생산하고 어떻게... "
2026-09-28,네이버뉴스,[미리 보는 국감] 대미투자 '상업성·국익' 따진다…메가특구 공방도 이...,https://www.ajunews.com/view/20260928164430518,대형 원전 건설과 알래스카 액화천연가스(LNG) 개발 사업은 추가 검토와 협의를 거쳐 추진 여부를 결정하기로 했다. 국감에서는 정부가 첫 사업의 상업적 합리성을 확보했다고 판단한 근거가 집중적으로 다뤄질 전망이다.... 
2026-09-28,네이버뉴스,[미리 보는 국감] 원전 공론화에 2040 석탄폐지까지…12차 전기본 수급 ...,https://www.ajunews.com/view/20260928162922426,"국감에서는 공론화 결과를 실제 원전 설비 규모와 건설 시기에 어떻게 반영할지가 쟁점이 될 것으로 보인다. 시민참여단에 제공할 전력수요와 발전원별 비용·건설 기간 등의 정보가 충분한지, 권고안의 반영 기준은... "
2026-09-28,네이버뉴스,"“고온가스로 SMR, 철강·석화 등 주력산업 탄소중립 해법 될 것”",https://www.hankyung.com/article/202609280028i,Xe-100을 건설하는 사업을 추진하고 있다. 국내에서도 90MWth·노심출구 750도급 HECTAR 기본설계를 민관... 포스코는 수소환원제철(HyREX)에 필요한 청정수소와 무탄소전력을 확보하기 위해 기존 원전과 신규 대형원전... 
2026-09-28,네이버뉴스,"대미투자 발표 지연…이형일 부총리 ""이견 아닌 美 내부 절차 탓""",https://www.ebn.co.kr/news/articleView.html?idxno=1725896,첫 번째 프로젝트는 미국 텍사스주 엔시날 지역에 223억 달러 규모의 가스복합화력발전소를 건설하는 사업이며 미국 내 대형 원전 8기 건설과 알래스카 액화천연가스(LNG) 개발 등은 추가 협의가 필요한 과제로 분류됐다.... 
2026-09-28,네이버뉴스,"현대엔지니어링, 8700억원 규모 '군산 AI 데이터센터' 수주… 미래 성장...",http://www.biztribune.co.kr/news/articleView.html?idxno=359674,"구축이 건설·엔지니어링 업계의 핵심 신수종 사업으로 떠오르고 있다. 기존 데이터센터와 달리 초고밀도... 현대엔지니어링이 진행하고 있는 태양광 등 재생에너지와 SMR(소형모듈원전), 수소 등 차세대 에너지 사업과... "
2026-09-28,네이버뉴스,"현대엔지니어링, AI 데이터센터 새 먹거리로… ""연내 1.9조 수주 정조준...",http://www.newsprime.co.kr/news/article.html?no=749117,"태양광 등 재생에너지를 비롯해 SMR(소형모듈원전), 수소 등과 연계한 데이터센터 에너지 조달 모델을 개발해 데이터센터 전력 수급과 탄소 저감 문제에 대응할 계획이다. 건설에서 시작해 운영과 투자, 에너지 공급까지... "
2026-09-28,네이버뉴스,철강·석유화학 살릴 ‘고온가스로 SMR’,https://www.naeil.com/news/read/603579?ref=naver,"미국에서는 X-에너지가 다우의 시드리프트 석유화학공장에 지을 Xe-100의 건설허가를 심사받고 있다.... 이를 수전해로 만들려면 원전 약 1.4GW 규모의 전력이 든다. 그는 “기존 원전 연계 수소, 신규 대형원전·SMR... "
2026-09-28,네이버뉴스,"이형일 ""대미투자 발표 지연, 美 내부 절차 때문…한미 이견 없어""",https://www.news1.kr/economy/trend/6303492,미국 내 대형 원전 건설과 알래스카 액화천연가스(LNG) 개발 사업은 추가 협의가 필요한 과제로 분류됐다. 한미가 지난해 11월 체결한 전략적 투자 양해각서(MOU)에 따르면 투자처는 미국 대통령이 미 상무장관이 위원장인... 
2026-09-28,네이버뉴스,"KIAF, 산업발전포럼 개최…""고온가스로 대규모 SMR 사업 추진 필요""",http://www.sisafocus.co.kr/news/articleView.html?idxno=365499,"소형모듈원전(SMR)의 개발과 실증을 서둘러야 한다는 산업계의 제안이 나왔다. 한국산업연합포럼(KIAF)은... 별도로 개발 중인 혁신형 i-SMR은 2028년 표준설계인가, 2030년 건설허가 획득, 2035년 초도 호기 준공을 목표로... "
2026-09-28,네이버뉴스,"전 세계 골프장, 토지 부족에 ‘환골탈태’… 비싼 여가 대신 주택·발전...",https://biz.chosun.com/international/international_economy/2026/09/28/DC6HSENUOFBSFFRXBZXMLWTMIE/?utm_source=naver&utm_medium=original&utm_campaign=biz,"사업을 발표했거나, 이미 건설 중인 골프장 태양광 사업 규모를 전부 합치면 최소 1기가와트(GW)로, 원전 1기 설비 용량과 맞먹는다. 일본은 2011년 후쿠시마 원전 사고로 전력 약 3분의 1을 대던 원자로 54기를 멈춘 뒤... "
2026-09-28,네이버뉴스,미래세대의 안전과 맞바꾼 실용주의,https://www.ohmynews.com/NWS_Web/View/at_pg.aspx?CNTN_CD=A0003270880&CMPT_CD=P0010&utm_source=naver&utm_medium=newsearch&utm_campaign=naver_news,정부는 이것이 신규 원전 건설의 찬반을 넘어 미래 전력수요를 충당하기 위한 원전의 역할을 종합적으로 논의하는 절차라고 밝혔다. 하지만 이는 정답을 정해놓고 정책 결정의 책임을 국민에게 떠넘기는 기만이자... 
2026-09-28,네이버뉴스,"이형일 경제부총리 “대미투자 발표 지연, 美 내부 절차상의 이유”",https://biz.chosun.com/policy/policy_sub/2026/09/28/HZFQC5EUJZAEBN5I4X5YLQ2LSM/?utm_source=naver&utm_medium=original&utm_campaign=biz,미국 내 대형 원전 8기 건설과 알래스카 액화천연가스(LNG) 개발 사업은 추가 협의가 필요한 과제로 분류됐다. 당초 국회 보고 직후 한미 간 최종 합의가 발표될 것으로 예상됐지만 공식 발표는 아직 이뤄지지 않고 있다.... 
2026-09-28,네이버뉴스,AI 데이터센터發 '원전 회귀'…투자 늘지만 가동까지 산넘어 산,https://www.esgeconomy.com/news/articleView.html?idxno=16852,한편 미국 원자력규제위원회(NRC)는 지난 3월 테라파워의 와이오밍주 케머러 원전 건설허가를 발급했다. 테네시강유역개발공사(TVA)의 클린치리버 SMR 사업도 건설허가 심사가 진행 중이다. 다만 TVA는 아직 최종 투자... 
2026-09-28,네이버뉴스,"현대엔지니어링 ""올해 데이터센터 일감 1.9조…군산서 시작""",https://news.bizwatch.co.kr/article/real_estate/2026/09/28/0009,"위한 건설정보모델링(BIM) △정밀 온·습도 제어 기술 △진동 및 소음 제어 기술 등이 대표적이다. 현대엔지니어링 관계자는 ""태양광 등 재생에너지와 소형모듈원전(SMR), 수소 등 차세대 에너지 사업과 연계한... "
2026-09-28,네이버뉴스,"이형일 “대미투자 발표 지연, 美 내부 절차상 이유…내용상 이견 없어...",https://www.edaily.co.kr/News/Read?newsId=03175046645584712&mediaCodeNo=257&utm_source=naver&utm_medium=referral&utm_campaign=news_syndication&utm_content=original_article,미국 내 원전 건설과 알래스카 액화천연가스(LNG) 개발은 추가 협의 과제로 보고된 것으로 전해졌다. 지난 22일(현지시간) 미국 뉴욕에서 열린 한미 정상회담에서도 양국 정상은 전략투자 협의의 진전을 환영했다. 다만 개별... 
2026-09-28,네이버뉴스,우리기술 1%대 약세…신한울 3·4호기 계약 이행 주목,https://www.job-post.co.kr/news/articleView.html?idxno=229428,원전 신규 건설과 계속운전 투자가 주요 수요 기반이다. 28일 오후 2시17분 기준 우리기술은 코스닥 시장에서 1만2815원에 거래되고 있다. 전 거래일 1만2960원보다 145원(1.12%) 내린 수준이다. 회사는 9월 17일... 
2026-09-28,네이버뉴스,"한수원, 추석맞이 나눔으로 급식봉사·어르신 돌봄 진행",https://www.newspost.kr/news/articleView.html?idxno=225959,한편 김회천 한수원 사장은 추석 연휴를 앞두고 원전 건설 현장과 수력발전소를 잇달아 찾아 현장 안전관리 상황을 점검했다. 특히 이상준 비상임이사와 함께 여러 공정이 동시에 진행되는 건설 현장을 둘러보며 잠재적인... 
2026-09-28,네이버뉴스,"현대엔지니어링, AI 데이터센터 첫 수주…군산에 60MW급 구축",https://www.onews.tv/news/articleView.html?idxno=287981,"급증하면서 건설업계가 관련 사업 확대에 속도를 내고 있다. 현대엔지니어링이 8700억 원 규모의 군산 AI... 나아가 운영·유지보수, 투자 참여 등으로 사업 범위를 넓히고 태양광 등 재생에너지와 소형모듈원전(SMR)... "
2026-09-28,네이버뉴스,"전리품의 시대, 조공이 아닌 투자가 되려면 [논설실 Pick]",https://www.mk.co.kr/article/12162599,"이때 정부가 국가안보나 공급망 확보를 명분으로 또는 미국 내 한국형 원전 2기 건설에 과도한 의미를 부여해, 사업성 검증을 느슨하게 한다면, 한국의 2000억 달러는 투자가 아니라 조공이 된다. 이재명 정부는 상업성... "
2026-09-28,네이버뉴스,"美 에너지부, 26개주 전력망 사업에 19억 달러 투입하기로",https://www.theguru.co.kr/news/article.html?no=107580,"2400㎞ 이상 송전선 교체·보수 대형원전 23기 규모 추가 전력 공급 능력 확보  미국 행정부가 전력망... 전력망 강화 기술은 신규 인프라 건설 없이 기존 전력망에 사물인터넷(IoT) 센서, 하드웨어, 소프트웨어 분석... "
2026-09-28,네이버뉴스,"현대엔지니어링, 군산 SGC AI 데이터센터 수주…총 사업규모 약 8700억원",http://www.newstomato.com/ReadNews.aspx?no=1314905&inflow=N,"회사는 건설정보모델링(BIM)을 활용한 시공 최적화와 고성능 AI 서버 등 고중량 장비를 수용하기 위한... 회사는 태양광 등 재생에너지와 소형모듈원전(SMR), 수소 등 차세대 에너지 사업과 연계한 데이터센터 에너지... "
2026-09-28,네이버뉴스,"현대엔지니어링 '군산 AI 데이터센터' 수주...""차세대 건설리더 도약 채...",https://www.thebigdata.co.kr/view.php?ud=202609281240007674d0a8833aad_23,"또한, 현대엔지니어링은 복잡한 전력·기계설비 시공 과정에서 공정 간섭을 최소화하기 위한 건설정보모델... 현대엔지니어링이 진행하고 있는 태양광 등 재생에너지와 SMR(소형모듈원전), 수소 등 차세대 에너지... "
2026-09-28,네이버뉴스,"8700억원 군산 AI 데이터센터 수주…현대엔지니어링, 6개월 만에 첫 성과",https://www.thepowernews.co.kr/view.php?ud=202609281325205573de3f0aa1be_7,"건설정보모델링(BIM)을 활용한 공정 최적화와 고중량 AI 서버를 수용하기 위한 고하중 구조 기술, 모듈화... 태양광 등 재생에너지와 소형모듈원전(SMR), 수소 사업을 데이터센터와 연계한 에너지 조달 모델 개발도... "
2026-09-28,네이버뉴스,"현대엔지니어링, 군산 AI 데이터센터 신축 수주… 8700억원 규모",https://www.viva100.com/article/20260928500535,"건설정보모델링(BIM)을 활용한 공정 간섭 관리와 고성능 AI 서버를 수용하기 위한 고하중 구조, 모듈화 시공... 태양광 등 재생에너지와 소형모듈원전(SMR), 수소 등 에너지 사업과 데이터센터를 연계한 전력 조달 모델... "
2026-09-28,네이버뉴스,"韓 뒤쳐진 고온가스로 SMR, “열·수소 산업계 공급 최적 대안 속도 높여...",https://www.etnews.com/20260928000232,기술적 관점에서 HTGR는 700~950℃의 초고온 열을 공급할 수 있어 기존 경수로형 원전의 한계를 넘어 공정열... 화학공장 건설을 위한 인허가 심사를 받으며 2030년 상용화를 목표로 하고 있다. 일본도 HTTR 시험로를... 
2026-09-28,네이버뉴스,"현대엔지니어링, AI 데이터센터 공략 본격화… 군산서 8700억원 수주",http://www.whitepaper.co.kr/news/articleView.html?idxno=267240,"현대엔지니어링은 건설정보모델링(BIM)을 활용한 시공 최적화 역량과 고성능 AI 서버 등 무거운 장비를... 아울러 회사가 진행하고 있는 태양광 등 재생에너지와 소형모듈원전(SMR), 수소 사업을 데이터센터와 연계하는... "
2026-09-28,네이버뉴스,대미 전략투자 1호 딜의 그늘…재정·산업주권 위협하나,https://www.newsworks.co.kr/news/articleView.html?idxno=854892,미국 내 대형 원전 8기 건설을 골자로 하는 2호 프로젝트 규모는 최대 1200억달러에 달한다. 1호 텍사스 발전소 사업비 223억달러를 더하면 단 두 개 사업만으로도 전체 한도의 71.2%인 1423억달러가 순식간에 소진된다.... 
2026-09-28,네이버뉴스,늦어지는 대미투자…첫 투자금 송금 채비,https://biz.heraldcorp.com/article/10886075?ref=naver,미국 내 대형 원전 8기 건설과 알래스카 액화천연가스(LNG) 개발 프로젝트는 추가 협의가 필요한 과제로 분류해 보고했다. 대미투자 사업이 구체화하면서 투자재원 확보에도 속도가 붙을 것으로 보인다. 정부는 2028년부터... 
2026-09-28,네이버뉴스,(특별기고)정의로운 에너지로 전환하는 인천,https://www.electimes.com/news/articleView.html?idxno=372818,"제11차 전력수급기본계획도 AI·반도체 등 미래 전력 수요에 대응하면서 원전, 재생에너지, 수소, LNG 등 다양한... 영흥을 수소를 포함 친환경에너지 허브로 제대로 만든다면 단순히 발전소 하나를 건설하는 것보다 파급... "
2026-09-28,네이버뉴스,"텍사스 가스발전부터 원전 8기까지…K-에너지, 美 시장 정조준",https://www.electimes.com/news/articleView.html?idxno=372828,"국내에는 설계·조달·시공(EPC)을 비롯해 원자로 압력용기, 냉각재 계통 부품, 계측제어, 터빈 등 원전 건설 전반의 공급망이 구축돼 있다. APR1400의 미국 건설 실적까지 확보할 경우 국내 원전 기업들의 해외 시장 진출을... "
2026-09-28,네이버뉴스,"현대엔지니어링, 8700억 규모 군산 AI 데이터센터 수주",https://www.sedaily.com/article/20095492?ref=naver,"건설정보모델링(BIM)을 활용한 시공 최적화, 고중량 장비를 수용하는 고하중 구조 기술, 모듈화 시공과 정밀... 태양광 등 재생에너지와 SMR(소형모듈원전), 수소 등 차세대 에너지 사업과 연계한 데이터센터 에너지 조달... "
2026-09-28,네이버뉴스,"""한국은 다 마쳤다""는데… 한미 대미투자 1호 발표, 왜 늦어지나",https://www.hankookilbo.com/news/article/A2026092811010005989?did=NA,미국 내 신규 원전 8기 건설과 알래스카 액화천연가스(LNG) 개발 사업은 추가 협의를 이어가기로 했다. 연관기사 • 대미투자 ①가스발전 확정 ②원전 ③알래스카 추진… 곳곳 '지뢰밭' (www.hankookilbo.com/news... 
2026-09-28,네이버뉴스,"현대엔지니어링, 군산 AI 데이터센터 수주···1조9000억 정조준",https://www.thereport.co.kr/news/articleView.html?idxno=91770,"건설정보모델링(BIM), 고하중 구조, 모듈화 시공 등의 기술도 적용한다. 앞으로 단순 시공을 넘어... 태양광 등 재생에너지와 SMR(소형모듈원전), 수소 등 차세대 에너지 사업을 연계한 데이터센터 에너지 조달 모델도... "
2026-09-28,네이버뉴스,[입찰정보] 9월 28일자,https://www.todayenergy.kr/news/articleView.html?idxno=303525,공급시설 건설공사 발주처: 한국가스공사 마감일: 2026/11/10 14:00 ◆오동초 교사동 교실 증축... 15:00 ◆원전 1차측 수화학 환경모사 부식시험기 고압펌프 구매 발주처: 한전원자력연료주식회사 마감일... 
2026-09-28,네이버뉴스,"일본 태양광 발전 부지 확보에 어려움 겪어, 버블경제 시절에 건설된 노...",https://www.businesspost.co.kr/BP?command=article_view&num=448035,27일(현지시각) 블룸버그는 일본 태양광 개발업체들이 1980년대 버블경제 전후에 건설된 골프장 부지를 확보해 태양광 발전소를 건설하고 있다고 보도했다. 일본은 2011년 후쿠시마 원자력발전소 사고 이후 원전 가동이... 
2026-09-28,네이버뉴스,“트럼프 입만 바라보는 대미투자”…첫 투자금 3조원 송금 채비,https://biz.heraldcorp.com/article/10885937?ref=naver,미국 내 대형 원전 8기 건설과 알래스카 액화천연가스(LNG) 개발 프로젝트는 추가 협의가 필요한 과제로 분류해 보고했다. 대미투자 사업이 구체화하면서 투자재원 확보에도 속도가 붙을 것으로 보인다. 정부는 2028년부터... 
2026-09-28,네이버뉴스,"현대엔지니어링, 군산 AI 데이터센터 8700억원 수주",https://www.cstimes.com/news/articleView.html?idxno=722037,"건설정보모델링(BIM) 기반 공정 관리, 고하중 구조 설계, 모듈화 시공, 정밀 온·습도 제어 기술이 주요... 단순 시공에서 벗어나 운영·유지보수·투자 참여까지 사업 범위를 넓히는 한편, 태양광·SMR(소형모듈원전)·수소... "
2026-09-28,네이버뉴스,국회 보고 끝낸 대미투자…첫 사업 발표 시기 '촉각',https://news.mtn.co.kr/news-detail/2026092810050022496,미국 대형 원전 8기 건설과 알래스카 액화천연가스(LNG) 개발 사업은 추가 협의가 필요한 과제로 분류한 것으로 알려졌다.국회 보고 이후에도 한미 양국의 발표는 나오지 않고 있다. 다만 산업부는 최종 협의 과정에서... 
2026-09-28,네이버뉴스,2천억달러 대미 투자 ‘멈칫’…“트럼프 결재 남아”,https://www.asiatime.co.kr/article/20260928500114,김정관 산업부 장관 등은 223억달러(약 30조원) 규모의 엔시날 가스복합화력발전소 건설 프로젝트를 첫 번째 투자 대상으로 국회에 보고했다. 이 밖에 미국 현지 대형 원전 8기 시공과 알래스카 LNG 개발 등 굵직한 과제들은... 
2026-09-28,네이버뉴스,"현대엔지니어링, 8,700억 규모 '군산 SGC AI 데이터센터' 수주… AI 인프...",http://www.srtimes.kr/news/articleView.html?idxno=213338,"3D 건설정보모델링(BIM), 정밀 온·습도 제어, 모듈화 시공 기술 등을 데이터센터 구축에 적극 활용하고 있다. ​나아가 단순 시공을 넘어 운영·유지보수(O&M) 및 투자로 사업 영역을 확장하고 소형모듈원전(SMR) 및... "
2026-09-28,네이버뉴스,"한국, 美 원전기업 웨스팅하우스 지분 5~10% 인수 추진",http://www.dailypop.kr/news/articleView.html?idxno=102878,"한편 이번 지분 투자는 미국 내 신규 대형원전 건설을 포함한 대미 전략투자 구상의 일부로 논의되고 있다. 정부는 웨스팅하우스 지분 참여와 미국 원전사업에 한국 기업이 참여하는 방안을 함께 협의하고 있어, 지분... "
2026-09-28,네이버뉴스,"현대엔지니어링, 8700억 군산 AI센터 수주",https://www.pinpointnews.co.kr/news/articleView.html?idxno=490703,"대규모 전력·기계설비 구축 경험에 더해 BIM(건설정보모델링), 고하중 구조, 모듈화 시공 등의 기술을... 태양광 등 재생에너지와 SMR(소형모듈원전), 수소 등 차세대 에너지 사업을 데이터센터와 연계해 전력 조달과... "
2026-09-28,네이버뉴스,"현대엔지니어링, 군산 60MW AI 데이터센터 수주…8700억 규모",https://www.donga.com/news/Economy/article/all/20260928/134741825/1,"BIM(건설정보모델링)을 활용해 복잡한 설비 간 간섭을 줄이고, 고성능 AI 서버를 수용할 수 있는 고하중 구조... 태양광 등 재생에너지와 소형모듈원전(SMR), 수소 사업을 데이터센터와 연계하는 에너지 조달 모델도... "
2026-09-28,네이버뉴스,엔비디아 '베라루빈' 들어온다…현대엔지니어링 8700억 AI센터 수주,https://www.wolyo.co.kr/news/articleView.html?idxno=318346,건설정보모델링(BIM)을 활용해 설비 간 공정 간섭을 사전에 검토하는 기술도 보유하고 있다. 고성능 AI 서버... 태양광 등 재생에너지와 소형모듈원전(SMR) 및 수소 등 에너지 사업과 연계한 데이터센터 에너지 조달 모델... 
2026-09-28,네이버뉴스,"현대ENG, 8700억 규모 군산 AI 데이터센터 수주…시장 공략 본격화",https://www.newspim.com/news/view/20260928000244,"회사 측은 앞으로 단순 시공을 넘어 운영 및 투자 참여로 밸류체인을 넓히고, 소형모듈원전(SMR) 및... 건설정보모델링(BIM) 및 모듈화 등 첨단 산업건축 기술력을 바탕으로, 사업 영역을 단순 시공에서 나아가... "
2026-09-28,네이버뉴스,전 세계적 SMR 개발 열풍…시장 선점 위해 '속도전' 중요,http://www.e-platform.net/news/articleView.html?idxno=105721,"우리나라는 이미 대형원전분야에서 'On time, On budget' 등 우수한 건설역량과 이를 기반으로 한 우수한 운전역량을 보유하고 있다. 이를 SMR 분야에서 어필할 기회조차 얻지 못한다면 너무나도 아까운... "
2026-09-28,네이버뉴스,"현대엔지니어링, '군산 AI 데이터센터 신축 사업' 수주",http://www.ikld.kr/news/articleView.html?idxno=341383,"현대엔지니어링은 복잡한 전력·기계설비 시공 과정에서 공정 간섭을 최소화하기 위한 건설정보모델링(BIM)... 현대엔지니어링이 진행하고 있는 태양광 등 재생에너지와 SMR(소형모듈원전), 수소 등 차세대 에너지... "
2026-09-28,네이버뉴스,"현대ENG, 8700억 군산 AI 데이터센터 수주",https://www.etoday.co.kr/news/view/2629767,"데이터센터를 건설하는 프로젝트다. 총 사업 규모는 약 8700억원이며 10월 착공할 예정이다.... 태양광을 비롯한 재생에너지와 소형모듈원전(SMR), 수소 등 회사가 추진 중인 에너지 사업과 데이터센터를 연계한 전력... "
2026-09-28,네이버뉴스,AI가 일자리를 줄인다고? 엔비디아·아마존은 늘렸다,https://www.sedaily.com/article/20095419?ref=naver,"기장군이 국내 최초 i-SMR 실증 건설 부지로 선정되면서 부산은 원전 운영·해체·제조·실증 기반을 모두 갖춘 지역으로 거듭나게 됐다. 원전·에너지·해양 분야는 기술 개발과 안전성 검증, 국제 규제 기준 마련이... "
2026-09-28,네이버뉴스,"현대엔지니어링, 군산 AI 데이터센터 수주…8700억 규모",https://www.socialvalue.kr/news/view/1065573596627874,"또 건설정보모델링(BIM)을 활용한 시공 최적화와 고성능 AI 서버 등 고중량 장비를 수용하기 위한 고하중... 태양광 등 재생에너지와 소형모듈원전(SMR), 수소 등 차세대 에너지 사업을 연계한 데이터센터 에너지 조달... "
2026-09-28,네이버뉴스,[에너지토피아]원전 공론화위원회가 논의해야할 것,https://view.asiae.co.kr/article/2026092721274211881,"우선 정부가 공론화위원회의 역할에 대해 ""단순히 신규 원전 건설에 대한 찬성, 반대 의견을 묻는 방식에서 벗어나 미래 전력 수요를 충당하기 위한 여러 대안 가운데 하나로서의 원전의 역할을 종합적으로 논의하겠다""고... "
2026-09-28,네이버뉴스,"[해외브리핑] EU, 메탄 규제 2028년으로 1년 연기 검토",https://www.esgeconomy.com/news/articleView.html?idxno=16845,"특히 소형모듈원전(SMR) 업체들은 복잡한 인허가 절차와 초기 건설비, 미성숙한 공급망, 실증되지 않은 기술의 상용화 문제를 동시에 해결해야 한다. 블룸버그인텔리전스는 신규 원전 기술의 본격적인... "
2026-09-28,네이버뉴스,대미투자 1호 사업 국회 보고 끝났는데…공식 발표 시점 '안갯속',https://www.newspim.com/news/view/20260928000136,국회 산자위에 따르면 2·3호 사업으로는 미국 내 대형 원자력발전소 8기 건설과 알래스카 액화천연가스... 2호 원전 사업은 구체적인 구조가 아직 확정되지 않았다. 한국의 지분율로는 5~10% 수준이 거론되는 것으로... 
2026-09-28,네이버뉴스,"현대엔지니어링, 군산 AI 데이터센터 수주…'전력·냉각 격전지' 본격 진...",http://www.ftoday.co.kr/news/articleView.html?idxno=366153,"관리하는 건설정보모델링(BIM) 기반의 시공 최적화 역량, 고성능 AI 서버 같은 고중량 장비를 안정적으로... 아울러 태양광 등 재생에너지, 소형모듈원전(SMR), 수소 등 차세대 에너지 사업과 연계한 데이터센터 에너지... "
2026-09-28,네이버뉴스,"해양SMR, 원자로 개발만으로는 배 못 띄운다",https://www.electimes.com/news/articleView.html?idxno=372799,대형 원전은 현장 건설의 비중이 크지만 SMR은 공장에서 부품과 모듈을 제작·검증한 뒤 조립하는 방식을 지향한다는 설명이다. 부산이 원자로 노형을 직접 개발하지 않더라도 산업에 참여할 수 있다고 지적했다.... 
2026-09-28,네이버뉴스,[박상욱의 기후 1.5] 줄긴 줄었는데…뜯어보면 '아쉬움 한가득' 배출량,https://news.jtbc.co.kr/article/NB12320204?influxDiv=NAVER,"지난해 원전의 예방정비 및 정지일수가 늘어나(2024년 2,096.1일 → 2025년 2,239.6일) 발전량이 2024년 188.... 정부는 건설경기 침체와 수출 여건의 악화로 조강 생산량이 줄어든 것을 배경으로 꼽았습니다. 실제... "
2026-09-28,네이버뉴스,"완도군, 군민 제안 32건 군정에 반영…'참여 행정' 본격화",https://www.sentv.co.kr/article/view/sentv202609280165,"접수된 의견은 교통·건설·주거 분야가 26건으로 가장 많았다. 문화·관광·체육 23건, 지역 경제·일자리... 실제 공개 게시판에는 완도반값여행 개선, 여객선 운항, 해상풍력 관련 의견 등 다양한 지역 현안에 대한 제안이... "
2026-09-28,네이버뉴스,"[잇-슈탐구!] 무한 기회의 가능성 바다…두산에너빌리티, 해상풍력으로...",https://www.handmk.com/news/articleView.html?idxno=43593,30MW 규모의 탐라해상풍력에서 사업개발과 건설·운영 경험을 쌓은 두산은 터빈 기술을 키우고 실제 대형 사업으로 적용 범위를 넓혀왔다. 104MW 야월해상풍력에 이어 800MW급 사업의 우선협상대상자 컨소시엄에도... 
2026-09-28,네이버뉴스,'청사명칭 변경·다자녀 공무원 우대' 행정통합 특별법 개선 과제,https://www.newsis.com/view/NISX20260928_0003805401,"기후환경위원회는 데이터센터 조성 관련 인허가 신속 처리, 재생에너지 발전사업 허가 권한 확대, 해상풍력... 안전건설위원회는 재난예방 및 안전관리 중앙 권한 지자체 이양, 도서지역 방재기반시설 확충 등 8건을... "
2026-09-28,네이버뉴스,재생E 220GW 확대 실현 가능한가…부지 확보·계통 등 과제 수두룩,https://www.electimes.com/news/articleView.html?idxno=371724,"정부는 2040년까지 태양광 155GW, 육상풍력 16GW, 해상풍력 45GW, 기타 발전원 4GW 등 총 220GW 규모의... 지난해 기준 31GW에서 2040년 155GW까지 확대해야 한다는 것으로 15년 동안 4배 수준에 달하는 124GW를 새로 건설해야 한다.... "
2026-09-28,네이버뉴스,"""내집 앞에 데이터센터 안돼""…전국서 잇단 건립 반대 시위",https://www.hankyung.com/article/2026092802101,인공지능(AI)산업의 핵심 인프라인 데이터센터가 ‘혐오시설’로 인식되면서 수요에 비해 공급이 속도를... 경기 김포시는 2024년 7월 주민 의견 수렴을 요구하며 데이터센터 착공 신고를 반려했다. 사업자가 2개월 뒤 열린... 
2026-09-28,네이버뉴스,두 배 뛴 공사비에 발목…울산 중구 '실내종합체육관' 결국 취소,https://www.iusm.co.kr/news/articleView.html?idxno=1068481,이를 토대로 울산시에 약 127억원의 예산을 지원받아 나머지 사업비를 마련한 뒤 설계와 착공 절차에 들어갈... 중구는 실내종합체육관 건립을 포기하는 대신 기존 시설 등을 활용해 주민들에게 생활체육 인프라를... 
2026-09-28,네이버뉴스,해외 건설 '역대 최대' 날아오르는데…대구 실물경기 '동파 경보',https://www.idaegu.com/news/articleView.html?idxno=665944,"AI와 클라우드 확산으로 글로벌 데이터센터 투자가 급증하면서 전력망과 수처리, 통신 인프라 수요가... 및 착공 건수는 얼어붙어 있다. 상업용 부동산 시장에 켜진 경고등은 더욱 심각하다. 올해 2분기 대구 일반상가... "
2026-09-28,네이버뉴스,베라루빈용 ‘전 층 냉각’ 적용…군산 AIDC 2028년 문 연다,https://www.sedaily.com/article/20095732?ref=naver,올해 말 60메가와트(㎿) 규모로 1단계 모듈형 데이터센터를 착공해 2028년 1분기에 운영하는 것을 목표로... 차세대 AI 가속기의 고발열·고집적 특성을 고려해 전력 및 냉각 인프라를 선제적으로 설계하겠다는 취지다.... 
2026-09-28,네이버뉴스,"대구시, 두류공원에 '돔구장' 추진…정부 공모 도전",https://news.skbroadband.com/news/articleView.html?idxno=238809,대구의 실내 스포츠·공연 인프라는 매우 열악한 실정. 대구체육관은 노후화가 심각하고 규모도 3천800석에... 2031년에는 착공할 수 있을 것으로 전망했습니다. B tv 뉴스 우성문입니다. 영상취재 김시홍 화면제공... 
2026-09-28,네이버뉴스,[4th-Infra] 군부대·문화재·기업이전...3기 신도시 '병목' 해소 시급,http://www.4th.kr/news/articleView.html?idxno=2118782,"생활 인프라가 적기에 갖춰지도록 역량을 집중할 시점""이라고 했다. 정부는 8·13 대책을 통해 공공택지 조성 과정에서 순차적으로 진행하던 절차를 앞당기거나 병행해 2030년까지 기존 공공택지 8만9000호를 신속 착공한다... "
2026-09-28,네이버뉴스,"현대엔, 8700억대 '군산 AI 데이터센터' 수주…10월 착공",https://www.newsis.com/view/NISX20260928_0003805922,"수소·태양광 등 차세대 에너지와 연계한 친환경 모델 개발에도 힘을 쏟는다는 방침이다. 현대엔 관계자는 ""안정적인 전력 공급 기반과 최적의 운영 환경을 갖춘 최고 품질의 인프라를 구현해 나가겠다""고 말했다."
2026-09-28,네이버뉴스,재건축 갈등 풀고 스마트도시 짓는다…오중석 시의원의 주택정책 비전,https://www.sisajournal.com/news/articleView.html?idxno=388464,미래 인프라 청사진 제시 오중석 서울시의원이 주택공간위원회 의정활동을 통해 재건축 사업 갈등 중재와... 올해 서울시 착공 실적이 목표 물량의 절반 수준에 머무르는 상황에서 인허가와 시 심의 지연 원인을 투명하게... 
2026-09-28,네이버뉴스,"삼성전기, 세종 기판 증설에 4.2조원 투자",https://www.asiatime.co.kr/article/20260928500411,"(AI) 인프라 수요를 선점하기 위해 고성능 플립칩 볼그리드 어레이(FCBGA) 생산 시설 확충에 4조원대... 신규 공장 착공 및 증설 일정은 2026년 9월부터 2028년 5월까지 진행되며, 시운전을 거쳐 2028년 9월부터 본격적인 제품... "
2026-09-28,네이버뉴스,"KT클라우드, 군산 AIDC 구축 착수…최대 300MW로 확대",http://www.newstomato.com/ReadNews.aspx?no=1315002&inflow=N,올해 말 60MW 규모의 1단계 데이터센터 착공을 시작으로 2028년 1분기 본격적인 운영에 들어갈 예정입니다. 수도권에 집중된 데이터센터 인프라를 비수도권으로 확대하는 동시에 급증하는 인공지능(AI) 인프라... 
2026-09-28,네이버뉴스,"현대엔지니어링, 총 사업규모 8700억 규모 '군산 AI 데이터센터 신축 사...",http://www.sisacast.kr/news/articleView.html?idxno=100473,"내 착공 예정이다. 현대엔지니어링은 이번 군산 데이터센터 사업 수주를 시작으로 데이터센터 사업... 현대엔지니어링 관계자는 ""데이터센터 산업에서 우수한 인프라는 곧 안정적인 디지털 서비스 경쟁력으로... "
2026-09-28,네이버뉴스,1000억 규모 국회도서관 광주분관 유치놓고 국회의원-구청장 집안싸움 ...,https://www.pressian.com/pages/articles/2026092815555545883?utm_source=naver&utm_medium=search,"2028년 착공해 2030년 완공을 목표로 하는 대형 국책 사업이다. 국회사무처는 지난달 28일 '국회도서관 분관... 정준호 의원은 5·18 역사의 상징성을 품은 옛 광주교도소 부지를, 전진숙 의원은 문화 인프라가 집약된... "
2026-09-28,네이버뉴스,"호반그룹, 고성 화진포에 체류형 복합리조트 조성...6800억 규모",https://www.newspim.com/news/view/20260928000950,"휴양 인프라 개발에 나선다. 호반그룹이 28일 호반호텔앤리조트와 함께 강원특별자치도, 고성군과 '화진포... 정식 착공에 들어간다는 구상이다. [AI Q&A] Q. 호반그룹이 강원도, 고성군과 맺은 '화진포 국제휴양관광지... "
2026-09-28,네이버뉴스,"정의선 현대차그룹 9조 투자에 새만금 개발 시계 15년 빨리 돌아간다, S...",https://www.huffingtonpost.kr/article/260811,3월 착공을 뒷받침할 방침이다. 새만금 개발계획은 현대차 투자를 중심으로 다시 짜였다. 새만금청은... 부지·재정·세제·규제·연구개발·인력·정주·인프라 8개 분야의 종합지원계획을 내놨다. 국무조정실 관계자는... 
2026-09-28,네이버뉴스,"호반, 고성 화진포에 6800억 복합리조트···'450실 국제휴양관광지' 시...",https://www.smartbizn.com/news/articleView.html?idxno=155015,상반기 착공을 목표로 사업을 추진하고 있다. 사업 추진 과정에서 행정절차와 지역사회와의 협력도 주요 변수로 꼽힌다. 대규모 관광시설은 인허가뿐 아니라 교통·환경·기반시설 등 주변 인프라와의 연계가 중요하기... 
2026-09-28,네이버뉴스,"'인구 증가' 검단·영종구 생활인프라 부족…""지역 불균형 심각""",https://www.edaily.co.kr/News/Read?newsId=03670326645584712&mediaCodeNo=257&utm_source=naver&utm_medium=referral&utm_campaign=news_syndication&utm_content=original_article,인구가 점차 증가하고 있는 인천 검단구와 영종구의 생활인프라 시설이 인천시내 다른 기초지자체보다... 인천시는 “올 하반기 검단신도시에서 박물관과 백년이음도서관을 착공할 것”이라며 “지역주민의 문화... 
2026-09-28,네이버뉴스,"현대엔지니어링, AI 데이터센터 수주…올해 관련 수주 1.9조 전망",https://www.ceoscoredaily.com/page/view/2026092816135053375,총 사업규모는 약 8700억원이며 올해 10월 착공 예정이다. 현대엔지니어링은 이번 1단계 사업에서 건축·토목... 냉각 인프라 구축에 주력할 계획이다. 현대엔지니어링은 이번 수주를 시작으로 데이터센터 사업 확대에... 
2026-09-28,네이버뉴스,"[IT는 지금] SKT, 하나금융·삼성전자와 금융권 최초 ‘5G 특화망 스마트...",https://dealsite.co.kr/articles/169725,"양사는 카테나-X 도입을 희망하는 기업을 위해 도입 상담, 가입, 시스템 구축, 인프라 제공, 서비스 운영... 올해 말 60MW(메가와트) 규모의 1단계 모듈형 데이터센터 착공을 시작으로, 2028년 1분기 본격 운영을... "
2026-09-28,네이버뉴스,"호반그룹, 강원 고성에 6800억 투입…화진포 복합리조트 조성",https://www.sentv.co.kr/article/view/sentv202609280195,"호반호텔앤리조트는 지난해 12월 초도중대 이전공사 착공에 이어 이달 관광지 조성계획 변경 인허가를... 대규모 인프라 구축에 돌입하는 동시에, 숙박·레저 포트폴리오를 동해안 북부권까지 확장하며 그룹의 미래 레저... "
2026-09-28,네이버뉴스,"옥천군, '청산별곡 은하수 숲' 자연휴양림 지정으로 친환경 관광벨트 완...",http://www.breaknews.com/1239396,"옥천군은 오는 2027년까지 기본 및 실시설계를 마치고 2028년 착공을 목표로... 관광 인프라 구축의 든든한 토대가 마련됐다며, 주민 의견을 적극 수렴하고 자연... "
2026-09-28,네이버뉴스,수소경제 핵심 거점 동해시에 조성된다…‘수소 저장·운송 클러스터’...,https://www.kwnews.co.kr/article/20260928500403,"위한 인프라 역할이 기대된다. 동해시는 이번 착공을 시작으로 부지 내에 산업진흥센터, 안전성시험센터, 시스템실증센터 등 3대 핵심센터를 순차적으로 구축한다. 산업진흥센터는 기업의 기술개발과 사업화를 지원하고... "
2026-09-28,네이버뉴스,"kt cloud, 군산 대규모 AI 데이터센터 구축 참여",https://www.nocutnews.co.kr/news/6583934?utm_source=naver&utm_medium=article&utm_campaign=20260928040937,"데이터센터 착공을 시작으로, 2028년 1분기 본격 운영을 목표로 하고 있다. SGC에너지는 향후 시장 수요에 맞춰 총 300MW 규모까지 단계적으로 확대할 계획이다. 군산 AIDC는 수도권에 집중된 데이터센터 인프라를... "
2026-09-28,네이버뉴스,"100조 북남고속철 수주전 다시 대혼전...베트남, 이번엔 독일에 '러브콜...",https://www.fnnews.com/news/202609281222533868,빈스피드는 선로 시공을 맡아 베트남 철도 인프라 확장에 본격적으로 나설 예정이다. 이재명 대통령 친서 전달...팀코리아도 수주전 참여 당초 베트남 당국은 올해 2·4분기 사업자 선정에 이어 연말 착공을 목표로... 
2026-09-28,네이버뉴스,"투자협약 이후가 관건… 밀양시, 공장 가동·물류·주거 지원 확대",https://www.ziksir.com/news/articleView.html?idxno=147616,"밀양시가 산업단지 투자 유치와 근로자 정주 여건, 물류 인프라 조성 등 기업지원 계획을 소개하는 홍보... 경남산기는 착공하거나 공사를 진행 중이다. 나머지 협약 기업의 투자 진행 상황은 이번 자료에 구체적으로... "
2026-09-28,네이버뉴스,"박종혁 인천시의회 의장 ""원도심 재생·광역 교통망 조기 완공…생산적...",https://www.hankyung.com/article/2026092884451,"초고령사회 진입에 맞춘 노인돌봄 체계 강화와 취약계층을 위한 맞춤형 복지 인프라 확충이 중요하다. 노인... 지역구 주요 공약으로 삼산도매시장의 복합문화랜드마크 조성, 경인선 지하화 조기 착공, 부개고가교 주변... "
2026-09-28,네이버뉴스,"이재준 수원특례시장 ""수원을 AI·반도체·바이오 K-실리콘밸리로 만들...",https://www.hankyung.com/article/2026092884551,"올해 실시계획인가 등 사전 절차를 진행해 2027년 착공을 추진하며, 2028년부터 토지를 분양해 연구개발 중심... 이 시장은 “도시 인프라를 거대한 테스트베드로 삼아 첨단기술을 마음껏 펼치고 시민이 이를 선제적으로... "
2026-09-28,네이버뉴스,"현대엔지니어링, 8700억 AI 데이터센터 수주…엔비디아 'Vera Rubin' 품는다",http://www.thefirstmedia.net/news/articleView.html?idxno=209595,"총 사업 규모는 약 8700억원으로 오는 10월 착공할 예정이다. 군산 SGC AI 데이터센터는 SGC그룹이 추진하는 총... 전력·냉각 인프라 구축이 사업의 주요 과제로 꼽힌다. 현대엔지니어링은 냉각탑과 냉동기, 수배전반 등... "
2026-09-28,네이버뉴스,"KT클라우드, 군산에 60MW AI 데이터센터 구축 착수",http://www.metroseoul.co.kr/article/20260928500427,"올해 말 60㎿ 규모 1단계 모듈형 데이터센터를 착공해 2028년 1분기부터 가동한다. 이후 시장 수요에 맞춰... 차세대 가속기의 발열과 집적도가 높은 특성에 맞게 전력·냉각 인프라를 미리 설계하고, 고객이 도입하는... "
2026-09-28,네이버뉴스,"현대엔지니어링, 군산 AI 데이터센터 발판 삼아 시장 공략 가속화",https://www.tournews21.com/news/articleView.html?idxno=144401,"총 사업규모는 약 8700억원이며 오는 10월 착공할 예정이다. 현대엔지니어링은 이번 수주를 시작으로 사업... 현대엔지니어링 관계자는 ""데이터센터 산업에서 우수한 인프라는 곧 안정적인 디지털 서비스 경쟁력으로... "
2026-09-28,네이버뉴스,"KT클라우드, SGC에너지 군산 AI데이터센터 DBO 맡아",https://www.dt.co.kr/article/12086161?ref=naver,"데이터센터를 착공하고, 2028년 1분기 본격 운영하는 것이 목표다. SGC에너지는 시장 수요에 따라 총 300㎿까지 단계적으로 확대할 계획이다. 지역의 전력·부지를 활용해 수도권에 집중된 데이터센터 인프라를... "
2026-09-28,네이버뉴스,"현대엔지니어링, 군산 60㎿ AI 데이터센터 수주",https://www.newscj.com/news/articleView.html?idxno=3436108,오는 10월 착공할 예정이다. 이번 사업은 SGC그룹이 추진하는 총 300㎿ 규모 AI 데이터센터 클러스터의... AI 데이터센터에 적용되는 엔비디아의 차세대 AI 반도체 '베라루빈'에 대응해 전력과 냉각 인프라도 구축한다.... 
2026-09-28,네이버뉴스,동해시 ‘수소 저장·운송 클러스터’ 착공식…29일 북평제2일반산단서...,https://www.pressian.com/pages/articles/2026092813474732154?utm_source=naver&utm_medium=search,"동해시는 이번 착공을 기점으로 수소 전주기 인프라 구축의 성공적인 모델을 제시하고, 대한민국 수소 산업의 표준이 되는 전국적인 모범 사례를 달성해 지역 산업 구조를 고도화하고 국가 수소 경제 활성화에 행정력을... "
2026-09-28,네이버뉴스,"호반그룹, 화진포에 6800억 투입…체류형 복합리조트 짓는다",http://www.newsdream.kr/news/articleView.html?idxno=118959,"아울러 양측은 강원도 내 관광 인프라 고도화와 평화경제특별구역 조성, 지역 생산품 소비 연계 등 지역 상생 방안도 함께 추진하기로 했다. 호반호텔앤리조트는 지난해 12월 초도중대 이전공사 착공을 시작한 데 이어... "
2026-09-28,네이버뉴스,"KT클라우드, 군산에 AIDC 구축 사업 참여…최대 300㎿ 확대",https://www.mt.co.kr/tech/2026/09/28/2026092815025132051,올해 말 60㎿ 규모의 1단계 모듈형 데이터센터 착공을 시작해 2028년 1분기 운영에 들어갈 예정이다.... 고성능 GPU(그래픽처리장치)의 발열과 랙당 전력 밀도가 빠르게 높아지는 데 맞춰 전력·냉각 인프라를 미리... 
2026-09-28,네이버뉴스,"고양 창릉 찾은 추미애 ""신도시 입주민 교통 고생 없어야""",https://www.mt.co.kr/policy/2026/09/28/2026092814595266202,"예상보다 늘어난 주택 공급량 증가에 따른 인프라 확충과 관련해서는 ""도로도 기존에 설계한 것보다... 개정안이 시행되면 공사 착공 여부와 관계없이 정화 작업이 가능해져 전체적인 일정을 단축할 수 있다. 추... "
2026-09-28,네이버뉴스,"""동해안 체류형 관광 거점 구축""…호반그룹, 6800억 규모 화진포 복합리...",https://www.thefairnews.co.kr/news/articleView.html?idxno=89188,관광 인프라 확충에 나섰다. 민관 협력체계를 기반으로 대규모 투자를 단행해 체류형 관광 거점을 구축하고... 상반기 착공에 들어갈 계획이다. 김선규 호반그룹 회장은 화진포의 자연환경과 관광자원을 살려 새로운 관광... 
2026-09-28,네이버뉴스,"용인시, 2027년 주요정책 점검...철도기금·복지수당·임신지원금 확대...",https://www.newstnt.com/news/articleView.html?idxno=720332,"글로벌 반도체산업 중심도시 도약을 위한 산업 기반과 교통·도시 인프라 확충에도 속도를 낼 계획이다.... 기흥어울림센터는 내년 3월 개관할 예정이며, 백암초 학교복합시설은 내년 10월 착공할 예정이다. 지역 구성원과... "
2026-09-28,네이버뉴스,마포 합정역 한강 라이프의 시작 ‘라비움 한강’ 공급,https://view.asiae.co.kr/article/2026092814561130881,생활 인프라도 풍부하다. 합정역과 연결되어 있는 마포한강푸르지오와 메세나폴리스 內 교보문고와... '라비움 한강'은 지난해 3월 착공해 현재 분양 및 계약을 진행 중이다. 오피스텔 분양이 막바지에 접어든 가운데... 
2026-09-28,네이버뉴스,"용인시, '용인르네상스 2.0' 구체화…2027년 생활·산업 기반 확충",https://www.discoverynews.kr/news/articleView.html?idxno=1102688,생활 인프라 개선에 맞춘다. 대규모 산업단지 조성과 인구 증가에 대응하는 동시에 교육·복지·문화시설을... 기흥어울림센터는 2027년 3월 개관을 목표로 하고 백암초 학교복합시설은 같은 해 10월 착공할 예정이다.... 
2026-09-28,네이버뉴스,"KT클라우드, 군산에 AI 데이터센터 짓는다…엔비디아 액체냉각 설계 전...",https://www.kukinews.com/article/view/kuk202609280138,올해 말 60메가와트(MW) 규모의 1단계 착공에 들어가 2028년 1분기 운영을 시작한다. 이후 시장 수요에 따라... 고발열·고집적 특성에 맞춰 전력과 냉각 인프라를 미리 갖춰 두겠다는 것이다. kt cloud는 군산을... 
2026-09-28,네이버뉴스,"KT클라우드, 군산 AI 데이터센터 구축 착수…SGC에너지와 협력",https://www.mk.co.kr/article/12162641,"착공을 시작으로, 2028년 1분기 본격 운영을 목표로 하고 있다. SGC에너지는 향후 시장 수요에 맞춰 총 300MW 규모까지 단계적으로 사업을 확대할 계획이다. 군산 AIDC는 수도권에 집중된 데이터센터 인프라를... "
2026-09-28,네이버뉴스,"용인특례시, 2027년 주요 정책 추진계획 보고회",https://www.job-post.co.kr/news/articleView.html?idxno=229354,"학생과 시민이 함께 이용할 수 있는 생활체육·교육 인프라도 확충한다. 수영장 등 다양한 생활체육시설이 들어서는 '기흥어울림센터'는 내년 3월 개관하고, '백암초 학교복합시설'은 내년 10월 착공할 예정이다.... "
2026-09-28,네이버뉴스,"두만강 북·러 첫 자동차 교량, 우리에게 뼈아픈 대목",https://www.ohmynews.com/NWS_Web/View/at_pg.aspx?CNTN_CD=A0003270812&CMPT_CD=P0010&utm_source=naver&utm_medium=newsearch&utm_campaign=naver_news,2024년 6월 평양 북·러 정상회담의 합의에 따라 착공된 이 다리가 모습을 드러낸 것이다. 최근 러시아 측... 그러나 이 다리의 개통을 단순한 해프닝이나 국경 인프라 확충 정도로 가볍게 넘겨서는 안 된다. 지금 우리가... 
2026-09-28,네이버뉴스,양평군 민생경제 활성화…사격장 경마공원 유치·동부권 균형발전,https://www.thefairnews.co.kr/news/articleView.html?idxno=89170,"자족 기반 강화를 위한 산업 인프라 확충도 본격화된다. 양동면 일원에 5만 8,306㎡ 규모로 들어서는 '양동일반산업단지'는 기본계획 설계를 거쳐 2028년 토지보상, 2029년 착공 및 분양, 2030년 준공을 목표로 순항하고 있다.... "
2026-09-28,네이버뉴스,"이상일 시장, 반도체·철도·복지 아우른 ‘2027년 정책 청사진’ 제시",https://view.asiae.co.kr/article/2026092814070759521,"10월 착공을 목표로 한다. 수지구 성복동 공공복합 문화복지센터 조성을 위한 행정절차를 진행하고... 있는 인프라를 탄탄히 구축해야 한다""고 강조했다. 이어 공직자들에게 ""2027년 추진할 사업들이 시민 행복과 도시... "
2026-09-28,네이버뉴스,AI에 승부건 현대엔지니어링…6개월만 8700억 '잭팟',http://www.inews24.com/view/2009411,총 사업 규모는 약 8700억원으로 오는 10월 착공할 예정이다. 군산 데이터센터는 SGC그룹이 추진하는 총 300MW... 전력·냉각 인프라 구축에 주력할 계획이다. 현대엔지니어링은 인천과 경북 구미에서 추진 중인... 
2026-09-28,네이버뉴스,대구 두류공원에 2만석 돔구장 추진…스포츠·공연 복합문화공간 조성,https://www.stnsports.co.kr/news/articleView.html?idxno=323251,대형 공연과 스포츠 경기를 동시에 수용할 수 있는 다목적 실내공간을 마련해 대구의 문화·체육 인프라를... 대구시는 정부 공모 선정 이후 타당성 조사와 관련 절차를 거쳐 2031년 착공을 목표로 사업을 추진할 방침이다.... 
2026-09-28,네이버뉴스,"이상일 용인시장, 시민 삶부터 반도체·철도까지…2027년 주요사업 실행...",http://www.fieldnews.kr/news/articleView.html?idxno=31816,"수영장과 생활체육 공간을 갖춘 기흥어울림센터는 내년 3월 개관할 예정이며, 백암초 학교복합시설은 10월 착공을 목표로 하고 있다. 평생학습도시 국내외 인증과 청년친화도시 지정도 추진한다. 문화·체육 인프라도... "
2026-09-28,네이버뉴스,"용인특례시, 반도체 중심도시 넘어 '150만 대도시' 본격 준비",https://www.g-enews.com/view.php?ud=202609281340257608d6b0ab7f1c_1,수영장을 비롯한 생활체육 공간이 들어서는 '기흥어울림센터'는 2027년 3월 개관할 예정이며 '백암초 학교복합시설'은 같은 해 10월 착공할 계획이다. 문화 인프라도 도시 규모에 맞춰 확대한다. 수지구 성복동에는... 
2026-09-28,네이버뉴스,"용인특례시, 2027년 주요업무 추진계획 논의…반도체·교통·복지 집중",http://www.econonews.co.kr/news/articleView.html?idxno=444907,10월 착공할 계획이다. 학교 유휴공간과 공공시설을 연계해 별도의 부지를 확보해야 하는 부담을 줄이면서 지역에 부족한 생활체육·교육시설을 확충하는 효과도 기대된다. 문화·체육 인프라도 확대한다. 수지구 성복동... 
2026-09-28,네이버뉴스,"용인시, 내년 '철도기금' 신설 추진…시장 직통 문자도 도입",https://www.shinailbo.co.kr/news/articleView.html?idxno=5066363,"기흥어울림센터는 내년 3월 개관하고 백암초 학교복합시설은 내년 10월 착공할 예정이다. 문화·체육 인프라도 확대한다. 수지구 성복동에는 공공복합 문화복지센터 조성을 위한 행정절차를 추진하고, 이동신도시에는... "
2026-09-28,네이버뉴스,"[위클리오늘] 동해시, '수소 저장·운송 클러스터' 착공식 개최...수소경...",http://www.weeklytoday.com/news/articleView.html?idxno=796029,"동해시는 이번 착공을 기점으로 수소 전주기 인프라 구축의 성공적인 모델을 제시하고, 대한민국 수소 산업의 표준이 되는 전국적인 모범 사례를 달성해 지역 산업 구조를 고도화하고 국가 수소 경제 활성화에 행정력을... "
2026-09-28,네이버뉴스,"삼성·SK 뛰는 남부권 벨트…정부, 주거·전력 '원스톱' 푼다",https://www.ziksir.com/news/articleView.html?idxno=147584,"[청와대]  삼성전자와 SK 등 주요 기업의 남부권 미래 산업 투자가 가시화된 가운데 정부가 배후 인프라... 재계에서는 삼성전자와 SK 사장급 최고경영진이 자리해 공장 착공과 가동에 직결되는 용수 공급, 송전선로 적기... "
2026-09-28,네이버뉴스,"추미애, 고양 창릉지구 점검…""첫 입주 교통 불편 없도록 준비""",http://www.econonews.co.kr/news/articleView.html?idxno=444901,이는 공급 확대에 맞춰 기반시설 수용 능력을 재점검해 입주 이후 교통 혼잡이나 생활 인프라 부족이... 개정안은 공공주택사업의 경우 일정 절차를 거쳐 공사 착공 여부와 관계없이 오염토양을 외부로 옮겨 정화할 수... 
2026-09-28,네이버뉴스,"반도체·AI 투자, 이제 ‘사람이 머물 도시’가 관건",https://sateconomy.co.kr/news/view/1065584114729228,반도체 공장과 AI데이터센터를 짓는 것만큼 핵심 인력이 실제로 정착할 생활 인프라를 갖추는 일이... 한 달여 만에 정부가 정주여건을 별도 의제로 올린 것은 공장 착공 이후 필요한 인력 확보까지 정책 범위를 넓혔다는... 
2026-09-28,네이버뉴스,무주~대구 고속도로 예타 통과 '한목소리',http://www.jeollailbo.com/news/articleView.html?idxno=812193,"교통 인프라라는 점을 강조했다. 황인홍 무주군수는 ""무주~대구 고속도로가 건설되면 무주를 비롯한 동부... 무주군을 비롯한 관계 지방자치단체들은 사업의 예비타당성조사 통과와 조기 착공을 위해 공동 대응을 이어갈... "
2026-09-28,네이버뉴스,"동해시, 수소 저장·운송 클러스터 첫 삽… 29일 착공식",https://www.shinailbo.co.kr/news/articleView.html?idxno=5066316,"것""이라며 ""첨단 인프라 구축을 통해 지역 경제에 활력을 불어넣고, 탄소중립 실현이라는 시대적 과제를 완수하여 지속 가능한 미래 도시를 만들겠다""고 말했다. 착공식 이후 이 시장과 우 지사는 인근 GS AI 데이터센터... "
2026-09-28,네이버뉴스,"KT클라우드, 군산에 초대형 데이터 센터 짓는다… '엔비디아 신형 칩' 규...",https://www.financialpost.co.kr/news/articleView.html?idxno=277565,"올해 말 60MW 규모의 1단계 모듈형 데이터 센터 착공을 시작으로 2028년 1분기 본격 운영에 돌입하며, 시장... 김봉균 KT클라우드 대표는 ""군산 AI 데이터 센터는 급증하는 AI 인프라 수요에 맞춰 고객이 요구하는 시기에... "
2026-09-28,네이버뉴스,"KT클라우드-SGC에너지, 군산 AIDC 구축 '착수'",https://www.itdaily.kr/news/articleView.html?idxno=241845,올해 말 60MW 규모의 1단계 모듈형 데이터센터 착공을 시작으로 2028년 1분기 본격 운영을 목표로 하고... 차세대 AI 가속기의 고발열·고집적 특성을 고려해 전력 및 냉각 인프라를 선제적으로 설계하고 고객이... 
2026-09-28,네이버뉴스,"kt클라우드, 군산 300MW급 AI 데이터센터 사업 참여",http://www.datanews.co.kr/news/article.html?no=146663,올해 말 60MW 규모의 1단계 모듈형 데이터센터를 착공해 2028년 1분기 가동하는 것이 목표다. SGC에너지는 AI 인프라 수요 증가에 맞춰 데이터센터 규모를 단계적으로 300MW까지 늘릴 계획이다. 수도권에 몰린 국내... 
2026-09-28,네이버뉴스,산림청 자연휴양림 지정받았다,http://www.cctimes.kr/news/articleView.html?idxno=929530,"2028년 착공을 목표로 단계별 예산을 확보해 사업을 추진할 계획이다. 황규철 군수는 ""청산별곡 은하수숲이 자연휴양림 지정을 받아 지역 고유의 산림자원을 활용한 체류형 관광 인프라 구축 기반이 마련됐다""며 ""군민이... "
2026-09-28,네이버뉴스,"KT클라우드, 군산에 최대 300MW 'AI 데이터센터'…베라루빈 대응 액체냉...",http://www.whitepaper.co.kr/news/articleView.html?idxno=267242,AI 인프라 공급 기반도 확대한다. 28일 KT클라우드는 종합 에너지기업 SGC에너지가 전북 군산에서 추진하는... 올해 말 착공에 들어가 2028년 1분기부터 본격적인 운영을 시작하는 것이 목표다. KT클라우드는 설계... 
2026-09-28,네이버뉴스,영덕군 미래인재양성관 주변 노외주차장 개방… 주차난 해소·보행안전...,http://www.enewstoday.co.kr/news/articleView.html?idxno=2474567,방치되던 유휴 군유지를 적극적으로 발굴해 적은 예산으로 주민 체감도가 높은 공공 인프라를 완성했다는... 곧바로 착공에 들어갔다. 특히 차량 이동과 귀성객 방문이 급증하는 추석 명절을 앞두고 지난 23일 공사를... 
2026-09-28,네이버뉴스,"KT클라우드, SGC에너지와 손잡고 군산에 최대 300㎿ AI 데이터센터 구축",https://www.livebiz.today/news/articleView.html?idxno=205149,"데이터센터 착공을 시작으로 2028년 1분기 본격 운영을 목표로 한다. SGC에너지는 향후 시장 수요에 따라... 또 금융기관과 한국거래소, 글로벌 클라우드를 연결하는 금융 인프라 거점으로 서울 여의도 데이터센터를... "
2026-09-28,네이버뉴스,"현대엔지니어링, 군산 AI 데이터센터 사업 수주...10월 착공",https://www.newspost.kr/news/articleView.html?idxno=225944,총 사업규모는 약 8700억원으로 60MW(메가와트)급 AI 데이터센터로 조성되며 착공 예정일은 10월이다. 이번... 또한 AI 인프라 및 냉각 솔루션 분야 글로벌 기업인 버티브(Vertiv)의 '모듈러·스키드 솔루션'도 도입된다.... 
2026-09-28,네이버뉴스,"현대엔지니어링, 올해 데이터센터만 1.9조 수주",https://www.dnews.co.kr/uhtml/view.jsp?idxno=202609281138080990538,10월 내 착공한다. 현대엔지니어링은 데이터센터 사업 확대에 속도를 내고 있다. 현재 인천과 경북... 전력ㆍ냉각 인프라 구축 역량이 중요하다. 현대엔지니어링은 이번 데이터센터에 적용되는 차세대 AI 반도체와 첨단... 
2026-09-28,네이버뉴스,"KT클라우드, 군산에 대규모 AIDC 구축…국내 최초 ‘베라루빈’ 대응 액...",https://economist.co.kr/article/view/ecn202609280015,AI 인프라 거점 확보에 나선다. KT클라우드는 전북 군산시 내 11만5702㎡ 부지에 들어서는 대규모 AIDC 조성... 이번 사업은 올해 말 60㎿(메가와트) 규모의 1단계 모듈형 데이터센터 착공을 시작으로 2028년 1분기 운영을... 
2026-09-28,네이버뉴스,동해 수소산업 클러스터 29일 '첫 삽',https://www.ajunews.com/view/20260928113208579,"“첨단 인프라 구축을 통해 지역경제에 활력을 불어넣고 탄소중립이라는 시대적 과제에 대응해 지속 가능한 미래도시를 만들어가겠다”고 밝혔다. 한편, 동해시는 29일 수소 저장·운송 클러스터 착공을 시작으로 관련... "
2026-09-28,네이버뉴스,"KT클라우드-SGC에너지, 군산에 60메가와트 AI 데이터센터 구축하기로",https://www.businesspost.co.kr/BP?command=article_view&num=448046,데이터센터를 착공해 2028년 1분기 운영을 시작한다. 향후 시장 수요에 따라 전체 규모를 최대... 이상의 인프라를 공급하겠다는 계획을 발표했다. KT클라우드는 군산을 비수도권 AI 데이터센터 사업의 주요 거점으로... 
2026-09-28,네이버뉴스,"KT클라우드, 군산 AIDC 거점화…2031년 1GW 목표",https://www.youthdaily.co.kr/news/article.html?no=227654,"AI 인프라 확충에 박차를 가한다. 오는 2031년까지 총 1기가와트(GW) 규모의 AIDC 공급 능력을 확보한다는... 올해 말 60㎿ 규모의 1단계 모듈형 데이터센터 착공에 들어가며, 2028년 1분기 정식 가동을 목표로 잡았다.... "
2026-09-28,네이버뉴스,옥천 '청산별곡 은하수 숲' 자연휴양림 지정,https://www.ccdailynews.com/news/articleView.html?idxno=2443216,"2028년 착공을 목표로 단계별 예산 확보에 나설 방침이다. 황규철 옥천군수는 ""청산별곡 은하수 숲 자연휴양림 지정 승인으로 지역 고유의 산림자원을 활용한 체류형 관광 인프라 구축의 기반이 마련됐다""며 ""주민 의견을... "
2026-09-28,네이버뉴스,"현대엔지니어링, 군산 8700억 AI 데이터센터 품고 미래 사업 첫 결실",https://www.topstarnews.net/news/articleView.html?idxno=16222015,"10월 착공한다. 이는 SGC그룹이 추진하는 총 300MW 규모 AI 데이터센터 클러스터의 1단계 사업이다.... 현대엔지니어링 관계자는 ""데이터센터 산업에서 우수한 인프라는 곧 안정적인 디지털 서비스 경쟁력으로 이어진다... "
2026-09-28,네이버뉴스,"현엔, 군산서 AI 데이터센터 8700억원 수주",https://view.asiae.co.kr/article/2026092811131040338,다음 달 중 착공할 예정이다. 이 회사는 앞서 올해 3월 데이터센터 등 첨단 산업건축 분야를 육성하기로... 전력·냉각 인프라 구축 역량이 중요하다. AI 인프라 및 냉각 설루션 분야 글로벌 기업인 버티브와도... 
2026-09-28,네이버뉴스,"옥천의 청산별곡 은하수 숲, 산림청 자연휴양림으로 지정 승인",https://www.dynews.co.kr/news/articleView.html?idxno=867385,"관광 인프라 구축의 기반이 마련됐다""며 ""주민 의견을 충분히 반영하고 자연 훼손을 최소화해 군민이 자랑할 수 있는 대표 힐링 명소로 조성하겠다""고 말했다. 이어 ""2027년까지 기본·실시설계를 마무리하고 2028년 착공을... "
2026-09-28,네이버뉴스,'데이터센터' 힘주는 현대엔지니어링…8700억원 규모 사업 수주,https://daily.hankooki.com/news/articleView.html?idxno=1409891,"총 사업 규모는 약 8700억원으로 60MW(메가와트)급 AI 데이터센터로 조성되며, 10월 내 착공 예정이다.... 현대엔지니어링 관계자는 ""데이터센터 산업에서 우수한 인프라는 곧 안정적인 디지털 서비스 경쟁력으로... "
2026-09-28,네이버뉴스,"[生기업TALK] 한국금융지주, 글로벌 대형사에 맞설 대항마 육성한다",http://www.sisacast.kr/news/articleView.html?idxno=99870,"참석자들은 군산 지역 내 60MW급 AI 데이터센터 구축 사업의 연내 착공을 목표로 상호 협력하는 한편, 추후 해당 인프라를 호남권역 최대 규모인 300WM까지 확대하는 등 전북도의 AI 산업 기반을 마련하는데도 다방면... "
2026-09-28,네이버뉴스,kt cloud 군산 AI 데이터센터 맡는다 비수도권 1GW 공급의 첫 거점,https://www.econovill.com/news/articleView.html?idxno=752012,AI 인프라 공급 기반을 넓힌다고 28일 밝혔다. 군산 AIDC는 전북 군산시 11만5702㎡ 부지에 들어서는 대규모 프로젝트다. 올해 말 60MW(메가와트) 규모의 1단계 모듈형 데이터센터 착공에 들어가 2028년 1분기 본격... 
2026-09-28,네이버뉴스,"현대엔지니어링, 8700억원 규모 '군산 SGC AI 데이터센터 신축 사업' 수...",https://www.dailian.co.kr/news/view/1694883/?sc=Naver,"총 사업규모는 약 8700억원으로 60MW(메가와트)급 AI 데이터센터로 조성되며, 10월 내 착공 예정이다. 이번... AI 인프라 및 냉각 솔루션 분야 글로벌 기업인 버티브(Vertiv)의 ‘모듈러·스키드 솔루션’도 도입된다.... "
2026-09-28,네이버뉴스,"kt 클라우드, SGC에너지 군산 AIDC 사업 DBO 맡는다...베라루빈 대응 특화...",https://www.techm.kr/news/articleView.html?idxno=155603,데이터센터를 착공한다. 2028년 1분기 운영이 목표다. SGC에너지는 향후 시장 수요에 맞춰 총 300MW 규모까지 단계적으로 사업을 확대할 계획이다. 군산 AIDC는 수도권에 집중된 데이터센터 인프라를 비수도권으로... 
2026-09-28,네이버뉴스,"퍼스트파트너스, 인니 자회사 앞세워 36조원 페말랑 할랄산단 시동",http://www.ttlnews.com/news/articleView.html?idxno=3147221,"10월 착공을 앞두고 있다. 사업 주체인 현지 종교·사회단체 피밈핀 다에라 무함마디야 바뉴마스와 시행사 PT 알니타 판카 와르나가 발주한 사업으로, 현지 의료 인프라 개선의 핵심 축으로 꼽힌다. 동부 자바주의 경제... "
2026-09-28,네이버뉴스,"KT클라우드, 300㎿급 군산 AI DC 구축…2028년 운영 목표",http://www.iminju.net/news/articleView.html?idxno=170000,"현재 목표는 연내 60㎿ 규모의 1단계 모듈형 시설 착공이다. SGC에너지는 오는 2028년 1분기에 본격 운영을... AI 서버 특성에 맞춘 냉각 인프라도 적용한다. 높은 집적도와 발열량을 고려해 관련 인프라를 설계하고, 이후... "
2026-09-28,네이버뉴스,"[이슈] 현대엔지니어링, 군산 60MW AI 데이터센터 수주… 전담조직 6개월...",https://www.startuptoday.co.kr/news/articleView.html?idxno=814234,총사업비는 약 8700억원이며 10월 중 착공한다. 현대엔지니어링 몫의 계약금액은 따로 공개하지 않았다.... SGC에이아이인프라를 세웠다. 처음 40MW로 잡았던 1단계는 60MW로 커졌고 운영 목표는 2028년 1분기다. 클러스터... 
2026-09-28,네이버뉴스,"옥천 '청산별곡 은하수 숲', 산림청 자연휴양림 지정 승인",https://www.ggilbo.com/news/articleView.html?idxno=1183784,"2028년 착공을 목표로 단계별 예산 확보에 총력을 다할 방침이다. 황규철 옥천군수는 ""이번 청산별곡 은하수 숲 자연휴양림 지정 승인으로 지역 고유의 산림자원을 활용한 체류형 관광 인프라 구축의 기반이 튼튼하게... "
2026-09-28,네이버뉴스,데이터센터 사업 확대 속도 내는 현대엔지니어링…군산서 8700억원 규모...,https://www.shinailbo.co.kr/news/articleView.html?idxno=5066200,"현대엔지니어링 관계자는 ""데이터센터 산업에서 우수한 인프라는 곧 안정적인 디지털 서비스 경쟁력으로... 1단계 데이터센터는 오는 10월 착공해 2028년 1분기 운영을 목표로 추진할 예정이다. [신아일보]"
2026-09-28,네이버뉴스,"KT클라우드, 군산에 300㎿ AIDC 구축…SGC에너지와 협력",https://view.asiae.co.kr/article/2026092810392071232,"데이터센터 착공을 시작한다. 본격 운영은 2028년 1분기를 목표로 한다. SGC에너지는 향후 시장 수요에 맞춰... 차세대 AI 가속기의 고발열·고집적 특성을 고려해 전력·냉각 인프라를 미리 설계하고, 고객이 도입하는... "
2026-09-28,네이버뉴스,"KT클라우드, SGC에너지와 군산 AI 데이터센터 구축 착수",https://byline.network/?p=9004111222621338,"올해 말 60메가와트(MW) 규모의 1단계 모듈형 데이터센터 착공을 시작으로, 2028년 1분기 본격 운영을... 차세대 AI 가속기의 고발열·고집적 특성을 고려해 전력 및 냉각 인프라를 선제적으로 설계하고, 고객이... "
2026-09-28,네이버뉴스,"AI 동박부터 청정수소, 바이오까지…롯데, '기술'로 신사업 확장",https://www.nocutnews.co.kr/news/6583636?utm_source=naver&utm_medium=article&utm_campaign=20260928103634,"롯데정밀화학은 아시아 최대 규모의 암모니아 유통 인프라를 갖고 있고, 아모지는 암모니아 분해·발전... 착공 2년 만이다. 1공장은 1만 5천ℓ급 배양기 8기를 갖춘 12만ℓ 규모의 항체의약품 생산시설로 설계... "
2026-09-28,네이버뉴스,"李 대통령, 29일 삼성전자·SK하이닉스와 '800조 메가프로젝트' 점검…피...",https://www.joongangenews.com/news/articleView.html?idxno=550779,삼성전자와 SK의 사장급 경영진도 참석하는 가운데 남부권 반도체 벨트의 전력·용수·교통 인프라부터 주거·교육·의료 등 정주여건까지 논의 테이블에 오른다. 대규모 투자계획을 실제 기업 투자와 착공으로 연결하기... 
2026-09-28,네이버뉴스,"KT클라우드, 군산에 대규모 AIDC 구축…최대 300MW로 키운다",https://zdnet.co.kr/view/?no=20260928103025,AI 인프라 수요에 대응한다는 목표다. KT클라우드는 종합 에너지기업 SGC에너지가 추진하는 전북 군산 AIDC... 올해 말 60MW 규모 1단계 데이터센터 착공을 시작해 2028년 1분기 본격적인 운영에 들어갈 예정이다. 군산 AI... 
2026-09-28,네이버뉴스,"현대엔지니어링, 60MW급 군산 AI데이터센터 수주",http://www.snmnews.com/news/articleView.html?idxno=575191,"총 사업규모는 약 8,700억원으로 60메가와트(MW)급 AI 데이터센터로 조성되며, 10월 내 착공 예정이다. 이번... 또한 AI 인프라 및 냉각 솔루션 분야 글로벌 기업인 버티브(Vertiv)의 '모듈러 ·스키드 솔루션'도 도입된다.... "
2026-09-28,네이버뉴스,"옥천 청산 은하수숲, 자연휴양림 지정됐다…24만평 조성",https://www.newsis.com/view/NISX20260928_0003804808,"내년까지 기본·실시설계를 마무리하고 2028년 착공을 목표로 단계별 예산을 확보해 사업을 추진할... 숲속동굴 체험파크 등 주변 산림관광시설과 연계하면 체류형·친환경 관광 인프라를 갖추게 될 것""이라고 말했다."
2026-09-28,네이버뉴스,"KT클라우드, 군산 60MW AI 데이터센터 구축 착수…300MW까지 확장",https://www.epnc.co.kr/news/articleView.html?idxno=407397,데이터센터 착공을 시작해 2028년 1분기 본격 운영을 목표로 한다. SGC에너지는 시장 수요에 따라 전체 규모를 300MW까지 늘릴 계획이다. 군산 AIDC는 수도권에 집중된 데이터센터 인프라를 비수도권으로 확장하는... 
2026-09-28,네이버뉴스,"kt 클라우드·SGC에너지, 군산 AI 데이터센터 구축 맞손",https://www.datanet.co.kr/news/articleView.html?idxno=214716,착공을 시작으로 2028년 1분기 본격 운영을 목표로 하고 있다. SGC에너지는 향후 시장 수요에 맞춰 총 300MW 규모까지 단계적으로 사업을 확대할 계획이다. 군산 AIDC는 수도권에 집중된 데이터센터 인프라를... 
2026-09-28,네이버뉴스,"KT클라우드, 군산서 대형 AI데이터센터 구축…DBO 사업 확장",https://www.bloter.net/news/articleView.html?idxno=674472,올해 말 60MW 규모의 1단계 모듈형 데이터센터 착공을 시작해 2028년 1분기 운영에 들어가는 것이 목표다. SGC에너지는 향후 AI 인프라 수요에 따라 데이터센터 규모를 최대 300MW까지 단계적으로 확대한다.... 
2026-09-28,네이버뉴스,"KT클라우드, 300㎿급 군산 AIDC 참여…2028년 1분기 운영 목표",https://www.widedaily.com/news/articleView.html?idxno=301478,올해 말 60㎿ 규모의 1단계 모듈형 데이터센터 착공을 시작으로 2028년 1분기 본격 운영에 들어가는 것이... 냉각 인프라는 차세대 AI 반도체 수요에 대응할 수 있도록 설계된다. KT클라우드는 군산 AIDC 전 층에... 
2026-09-28,네이버뉴스,"포항 '더 퍼스트 48', 인허가 완료 부지서 조합원 모집",http://www.ikld.kr/news/articleView.html?idxno=341298,"이후 부동산 프로젝트파이낸싱(PF) 시장이 급격히 경직되면서 기존 시행사의 자금 조달이 어려워졌고, 착공... 주변에는 포항고속버스터미널, 죽도시장, 포항문화예술회관 등이 있어 교통·상업·문화 인프라를 갖췄고... "
2026-09-28,네이버뉴스,"KT클라우드, 군산에 300MW AIDC 구축…비수도권 AI 인프라 확대",https://www.news1.kr/it-science/cc-newmedia/6302840,"착공을 시작으로, 2028년 1분기 본격 운영을 목표로 하고 있다. SGC에너지는 향후 시장 수요에 맞춰 총 300MW 규모까지 단계적으로 사업을 확대할 계획이다. 군산 AIDC는 수도권에 집중된 데이터센터 인프라를... "
2026-09-28,네이버뉴스,"현대엔지니어링, 군산 AI 데이터센터 수주…사업비 8700억원",https://www.seoultimes.news/news/article.html?no=2000100279,SGC 300MW 클러스터 중 1단계 60MW…10월 착공 엔비디아 ‘베라루빈’ 도입…냉각·전력 공급 설비 맡아 인천... 베라루빈 도입으로 랙당 전력 밀도와 발열이 커지는 데 맞춰 전력 공급과 냉각 인프라를 구축한다.... 
2026-09-28,네이버뉴스,"KT클라우드, 군산 60MW AIDC 구축·운영 참여…연말 착공",https://www.ddaily.co.kr/page/view/2026092809352695093,올해 말 60메가와트(MW) 규모로 착공해 2028년 1분기 운영을 시작하고 향후 시장 수요에 따라 300MW까지... 앞서 회사는 2031년까지 20여개 거점에 총 1기가와트(GW) 이상의 AIDC 인프라를 공급한다는 계획을 제시했다.... 
2026-09-28,네이버뉴스,"현대ENG, 군산 AI 데이터센터 신축사업 수주…10월 착공",https://www.newsis.com/view/NISX20260928_0003804867,"사업 규모는 약 8700억원이며 10월중 착공 예정이다. 현대엔지니어링은 향후 추진 예정인 240㎿ 규모 사업에... 현대엔지니어링 관계자는 ""데이터센터 산업에서 우수한 인프라는 곧 안정적인 디지털 서비스 경쟁력으로... "
2026-09-28,네이버뉴스,서류 털고 일어선 인도 반도체… 패키징 5곳 돌리며 웨이퍼 팹 영토 넓...,https://www.g-enews.com/view.php?ud=202609280928501210fbbec65dfb_1,300밀리미터 논리 팹 착공과 부품 공장 38곳 가동 인도 타타 일렉트로닉스가 구자라트주 돌레라에 짓고... 한국 후공정 판가 압박과 현지 인프라 한계 인도가 후공정 패키징을 먼저 안착시킨 뒤 웨이퍼 제조로 나아가는... 
2026-09-28,네이버뉴스,"현대엔지, 군산 AI 데이터센터 신축 수주",https://news.einfomax.co.kr/news/articleView.html?idxno=4436629,내 착공 예정이다. 이번 수주는 현대엔지니어링이 지난 3월 데이터센터 등 첨단 산업건축 분야를 미래... 냉각 인프라 구축에 주력할 계획이다. 현대엔지니어링은 군산 데이터센터 외에 인천과 경북 구미에서 추진... 
2026-09-28,네이버뉴스,"현엔, 8700억원 규모 '군산 AI 데이터센터 신축 사업' 수주",https://news.tf.co.kr/read/economy/2369964.htm,총사업 규모는 약 8700억 원으로 오는 10월 내 착공할 예정이다. 현대엔지니어링은 올해 3월 데이터센터를... 냉각 인프라 구축이 핵심이다. AI 인프라·냉각 솔루션 기업 버티브의 '모듈러·스키드 솔루션'도 적용된다.... 
2026-09-28,네이버뉴스,서울 주요 업무지구 출퇴근 편리… '고양 한신더휴 퍼스트원' 10월 분양...,https://magazine.hankyung.com/business/article/202609288568b,"고양은평선은 고양시청과 서울 6호선 새절역을 잇는 광역철도로, 2024년 말 기본계획이 승인된 뒤 실시설계가 진행 중이며 2027년 착공, 2031년 개통을 목표로 하고 있다. 생활 인프라도 잘 갖춰져 있다. 이케아 고양점과... "
2026-09-28,네이버뉴스,"KT클라우드, 300㎿급 군산 AIDC…2028년 1분기 운영 목표",https://www.newsis.com/view/NISX20260928_0003804829,"올해 말 60㎿ 규모 1단계 모듈형 데이터센터를 착공해 2028년 1분기 본격 운영에 들어가는 것이 목표다.... 차세대 가속기의 발열과 집적도가 높은 특성을 고려해 전력·냉각 인프라를 미리 설계하고, 고객이 도입하는... "
2026-09-28,네이버뉴스,"'가전 특별시' 광주, 삼성 투자로 공조·반도체까지 산업지도 넓힌다",https://www.etnews.com/20260927000035,공조 생산라인 착공과 히트펌프 보일러 양산 준비에 반도체 팹 건설 계획이 더해지면서 전남광주지역... 공조·보일러 생산시설 구축에 이어 반도체 투자계획까지 실현되면 전남광주는 기존 백색가전 생산 인프라와... 
2026-09-28,네이버뉴스,"kt 클라우드, 군산 60MW AI 데이터센터 착공…2028년 1분기 가동",https://www.ajunews.com/view/20260928091952047,수도권에 집중된 데이터센터 인프라를 비수도권으로 확대하고 대규모 AI 인프라 수요에 대응한다는... 올해 말 60MW 규모의 1단계 모듈형 데이터센터 착공을 시작해 2028년 1분기 본격적인 운영에 들어가는 것을... 
2026-09-28,네이버뉴스,"현대엔지니어링, 군산 AI 데이터센터 수주...10월부터 착공",https://www.fnnews.com/news/202609280922558044,10월 중 착공할 예정이다. 현대엔지니어링은 이번 수주를 시작으로 사업 확대에 속도를 내고 있다. 현재... 차세대 반도체는 랙당 전력 밀도와 발열이 크게 늘어나는 만큼 이를 안정적으로 수용할 전력·냉각 인프라 구축... 
2026-09-28,네이버뉴스,"kt클라우드, 군산 대규모 AI 데이터센터 구축 착수… SGC에너지와 협력",https://www.etnews.com/20260928000067,올해 말 60㎿ 규모의 1단계 모듈형 데이터센터 착공을 시작으로 2028년 1분기 본격 운영을 목표로 한다.... kt클라우드는 차세대 AI 가속기의 고발열·고집적 특성을 고려해 전력·냉각 인프라를 선제적으로 설계하고... 
2026-09-28,네이버뉴스,"kt cloud, 군산에 AI 데이터센터 승부수…SGC와 맞손",https://www.dailian.co.kr/news/view/1694871/?sc=Naver,"착공을 시작으로, 2028년 1분기 본격 운영을 목표로 하고 있다. SGC에너지는 향후 시장 수요에 맞춰 총 300MW 규모까지 단계적으로 사업을 확대할 계획이다. 군산 AIDC는 수도권에 집중된 데이터센터 인프라를... "
2026-09-28,네이버뉴스,[텔코 NOW] SKTㆍKTㆍLGU+ㆍKT클라우드,https://www.dnews.co.kr/uhtml/view.jsp?idxno=202609280845110580473,"데이터센터 착공을 시작으로, 2028년 1분기 본격 운영을 목표로 하고 있다. SGC에너지는 향후 시장 수요에 맞춰 총 300MW 규모까지 단계적으로 사업을 확대할 계획이다. 군산 AIDC는 수도권에 집중된 데이터센터 인프라... "
2026-09-28,네이버뉴스,"kt cloud, 군산 대규모 AIDC 구축 참여…SGC에너지 추진",https://www.etoday.co.kr/news/view/2629711,"kt cloud는 올해 말 60MW 규모의 1단계 모듈형 데이터센터 착공을 시작으로 2028년 1분기 본격 운영을 목표로... 군산 AIDC는 수도권에 집중된 데이터센터 인프라를 비수도권으로 확장하고, 지역의 전력·부지 경쟁력을... "
2026-09-28,네이버뉴스,"현대엔지니어링, '8700억' 군산 SGC AI 데이터센터 신축 사업 수주",https://realty.chosun.com/site/data/html_dir/2026/09/28/2026092800910.html,내달 착공 예정이다. 이번 사업은 발주처인 SGC그룹이 추진하는 총 300MW 규모 AI 데이터센터 클러스터 구축... 냉각 인프라 구축에 집중할 계획이다. 이번 수주는 현대엔지니어링이 올해 3월 데이터센터 전담 조직을... 
2026-09-28,네이버뉴스,"KT클라우드, SGC에너지 군산 AIDC 참여…300MW까지 확대",https://www.asiatime.co.kr/article/20260928500056,착공을 시작으로 2028년 1분기 본격 운영을 목표로 하고 있다. SGC에너지는 향후 시장 수요에 맞춰 총 300MW 규모까지 단계적으로 사업을 확대할 계획이다. 군산 AIDC는 수도권에 집중된 데이터센터 인프라를... 
2026-09-28,네이버뉴스,"R]대구시, 2만 석 규모 스포츠·공연 복합 돔구장 추진",http://andongmbc.co.kr/adboard/NewsView84968,주변 인프라 등 제반 여건을 면밀히 검토한 끝에 '두류공원 유니버시아드 테니스장과 인접한 땅'을 최종... 2031년에는 착공할 수 있을 것으로 내다봤습니다. 전문가 의견과 국내외 운영 사례를 검토해 2만 석 규모가... 
2026-09-28,네이버뉴스,"KT클라우드, 군산 60MW AI 데이터센터 착공",https://www.koit.co.kr/news/articleView.html?idxno=209231,수도권에 집중된 데이터센터 인프라를 비수도권으로 확대하고 급증하는 AI 인프라 수요에 대응하기... 올해 말 60MW 규모 1단계 모듈형 데이터센터 착공에 들어가 2028년 1분기 운영을 목표로 한다. 향후 시장... 
2026-09-28,네이버뉴스,"옥천군, 청산별곡 은하수 숲 자연휴양림 지정…81ha 규모 2028년 착공",https://www.gukjenews.com/news/articleView.html?idxno=3706619,"군은 2027년까지 기본 및 실시설계를 완료하고 2028년 착공을 목표로 단계별 예산을 확보해 사업을 진행할 계획이라고 밝혔다. 황규철 옥천군수는 ""자연휴양림 지정 승인으로 지역 산림자원을 활용한 체류형 관광 인프라... "
2026-09-28,네이버뉴스,김윤덕 '정책 방향' 이어 홍지선 '현장 실행'…국토부 2막 열었다,https://news.tf.co.kr/read/economy/2369938.htm,"홍 장관 ""국민께 구체적인 변화와 성과를 보여드려야"" 3기 신도시 속도 높여 착공·입주까지…정책 실행 가속... 균형발전에서도 기업형 첨단도시·도시·건축 특례·인프라 지원 등을 통해 일자리와 주거가 결합된... "
2026-09-28,네이버뉴스,시작 단계부터 공존 모색…美데이터센터 ‘지역사회 혜택 협약’,https://www.hankookilbo.com/news/article/A2026092715210001945?did=NA,"소음은 착공 전 배경소음을 넘어서는 안 되며, 전력 사용량도 해마다 공개해야 한다. 이를 어기면... 사하 디렉터는 “CBA는 대형 인프라 도입으로 우려되는 수자원 및 대기질, 에너지 가격 부담 등... "
2026-09-28,네이버뉴스,"LH, 공사비용 산정 방식 개선…4000억 아껴 주택공급 늘린다",https://www.incheonilbo.com/news/articleView.html?idxno=1332980,LH 진주사옥./연합뉴스 한국토지주택공사(LH)가 정부 주택공급 확대 정책에 따라 공공주택 건설사업 비용 부담 완화를 위해 공사비 산정 방식을 대폭 개선한다고 28일 밝혔다. LH는 올해부터 설계 단계에서부터 공사비... 
2026-09-28,네이버뉴스,LH 표준시장단가 손질…2030년까지 4000억 아낀다,https://www.sedaily.com/article/20095742?ref=naver,"한국토지주택공사(LH)가 공공주택 건설사업의 공사비 산정 방식을 개선해 올해 하반기 발주분에서 약 451억 원의 사업비를 절감했다고 28일 밝혔다. LH는 2030년까지 연 평균 1000억 원, 누적 약 4000억 원의 공사비를 줄일... "
2026-09-28,네이버뉴스,"LH, 공사비 산정방식 대폭 손질…사업비 부담 줄인다",http://www.jndn.com/article.php?aid=1790584048440335004,"한국토지주택공사(LH)는 공공주택 건설사업 비용 부담 완화를 위해 공사비 산정 방식을 대폭 개선한다고 28일 밝혔다. 제도개선을 통해 오는 2030년까지 누적 약 4,000억 원의 사업비 절감이 기대된다. LH는 설계... "
2026-09-28,네이버뉴스,호주 RBA 금리 인상 뇌관 된 건설 붐…60년래 최대 과열,https://news.einfomax.co.kr/news/articleView.html?idxno=4436739,호주 주택 및 인프라 건설 시장의 과열이 인플레이션을 다시 자극하며 호주중앙은행(RBA) 금리 인상의 핵심 뇌관으로 부상했다. 대형 프로젝트가 동시다발적으로 몰리며 인력난과 공사비 상방 압력이 극에 달한... 
2026-09-28,네이버뉴스,민주당이 부활시킨 '이명박의 반값 아파트'..집값 급등 이재명 정부 구...,https://realty.chosun.com/site/data/html_dir/2026/09/28/2026092804193.html,전현희 더불어민주당 의원은 지난 21일 토지임대부 분양주택 건설을 주택도시기금의 지원 대상에 포함하는... ◇ “시세보다 저렴” 기대 속 토지 확보·공사비 우려 법안 발의 소식이 알려진 뒤 온라인 일각에서는 정책의... 
2026-09-28,네이버뉴스,"LH, 공공주택 공사비 확 낮춘다...4년간 4천억원 아낀다",https://www.ppss.kr/news/articleView.html?idxno=312619,한국토지주택공사(LH)가 공공주택 공사비 산정 방식을 개선해 2030년까지 약 4000억원의 사업비 절감에 나선다. LH는 28일 공공주택 건설 물량이 지속해서 증가하는 가운데 자재비와 인건비 상승으로 사업비 부담이... 
2026-09-28,네이버뉴스,"전주시, 옛 대한방직 개발 ‘단계별 준공’ 거부⋯착공 기한은 법 따를...",https://www.jjan.kr/article/20260928500438,전주시는 사실상 협약대로 추진할 때 얻게 될 법적 소송 리스크와 법률 자문을 고려해 주택법상 주택건설사... 현재 시공사와 공사 기간·공사비 등을 협의하며 공식 도급 계약 체결을 위한 막바지 협상에 최선을 다하고... 
2026-09-28,네이버뉴스,'당첨'보다 어려운 잔금 마련…새 아파트 입주율 50%대로,https://www.kpinews.kr/newsView/1065595562458893,"계약 포기 사례가 대폭 늘어나지 않는 한 건설사들이 당장 분양가를 낮추지는 않을 것""이라고 말했다. 이어 공사비 상승에 따른 분양가 인상 흐름과 입주율 정체가 당분간 이어질 수 있다고 전망했다. KPI뉴스"
2026-09-28,네이버뉴스,"LH, 표준시장단가 적용항목 확대…연평균 1000억원 절감",https://www.cnbnews.com/news/articleView.html?idxno=1017274,앞서 적용한 개선 방식을 통해 공공주택 건설사업의 공사비 산정 과정에서 비용 절감 효과가 확인됐다. 올해 하반기 발주 물량에서 451억 원을 절감한 데 이어 2030년까지 누적 3977억 원의 사업비 절감이 예상된다. 절감된... 
2026-09-28,네이버뉴스,"③ ""인허가 받아도 착공 불가능""…지방 건설사 줄도산 공포",http://news.lghellovision.net/news/articleView.html?idxno=556407,"특히 지방은 미분양이 장기화되면서 분양대금으로 공사비를 충당하기 어려운 데다, 높은 금융비용까지 겹쳐 부담이 커지고 있습니다. 부산의 중견 건설사들조차 인허가를 받아 놓고도 착공을 미루는 이유입니다. 건설사... "
2026-09-28,네이버뉴스,"LH, 공사비 산정 방식 바꿔 2030년까지 4000억원 절감한다",https://www.public25.com/news/articleView.html?idxno=55469,퍼블릭타임스=한국토지주택공사(LH)는 표준시장단가 적용항목 확대 등 공사비 산정방식 개선을 통해... 이를 2027년부터 2030년까지 예정된 건설물량 등을 고려하면 누적 3977억원의 사업비 절감 효과가 기대된다는... 
2026-09-28,네이버뉴스,"LH, 공사비 산정 체계 개편…2030년까지 사업비 4000억원 절감",https://www.industrynews.co.kr/news/articleView.html?idxno=86631,인더스트리뉴스 한원석 기자  한국토지주택공사(LH)가 공공주택 건설 사업의 재정 부담을 줄이기 위해 공사비 산정 방식을 합리적으로 재편한다. 자재비와 인건비 인상으로 늘어난 사업비 부담을 다잡기 위한 조치로... 
2026-09-28,네이버뉴스,[포토] 2026 대한경제 민자포럼 개최,https://www.dnews.co.kr/uhtml/view.jsp?idxno=202609281557279990605,"28일 서울 논현동 건설회관에서 열린 ‘2026 제3회 대한경제 민자포럼’에서 종합토론이 진행되고 있다. 이번 포럼은 ‘민자사업 물가변동 및 간접비 정상화’를 주제로, 공사비와 물가 상승, 공기 연장에 따른 간접비... "
2026-09-28,네이버뉴스,"해수부, 300억 이상 해양수산 건설현장 46곳 전수점검… 품질·안전 관리...",https://www.suhyupnews.co.kr/news/articleView.html?idxno=40632,해양수산부(장관 황종우)는 해양수산 건설공사의 품질 확보와 안전사고 예방을 위해 9월 28일부터 10월 30일까지 특별 관리 대상 사업장에 대한 집중 현장점검을 실시한다고 밝혔다. 특별 관리 대상 사업은 공사비 300억... 
2026-09-28,네이버뉴스,대전역세권 개발 원점으로… 낮은 사업성에 좌초 위기,https://www.mk.co.kr/article/12162739,28일 대전시에 따르면 시는 최근 한화건설 컨소시엄으로부터 대전역세권 복합 2-1구역 개발 사업의 사업성을... 다만 공사비 상승과 지역 부동산 침체 등이 장기화하고 있는 만큼 개발 사업이 다시 본궤도에 오르기까지는... 
2026-09-28,네이버뉴스,착공 약속 어긴 자광에 '촉구'만...전주시 '봐주기 행정' 논란,http://www.jeonmin.co.kr/news/articleView.html?idxno=447706,건설사와 공사기간 및 공사비 등을 조율하며 도급계약 체결을 위한 막바지 협상을 진행 중이지만 구체적인 착공 일정은 밝히지 않았다. 이에 대해 전주시 관계자는 협약 체결 당시 주택법과의 관계를 충분히 검토했느냐는... 
2026-09-28,네이버뉴스,"[기획] 공적주택 119만가구 공급, 전월세난 해소 효과는",https://www.m-i.kr/news/articleView.html?idxno=1418625,"정부는 2030년까지 건설형 17만5000가구와 매입형 1만8000가구 등 약 19만가구를 공급할 계획이다. 역세권과... 수도권 공공택지 개발 과정에서 주민 반발과 보상 지연, 공사비 상승이 발생하면 입주 시점도 밀릴 수 있다.... "
2026-09-28,네이버뉴스,"LH, 공사비 산정 기준 손본다…2030년까지 3977억원 절감 추진",https://www.shinailbo.co.kr/news/articleView.html?idxno=5066239,LH는 실제 계약 수준을 반영해 설계단가를 산정하고 표준시장단가 적용 범위도 넓히는 등 공공주택 공사비... 2027~2030년 건설 물량까지 포함하면 누적 절감액은 3977억원에 이를 전망이다. LH는 설계 단계 검증 절차도... 
2026-09-28,네이버뉴스,"건정연, 내달 1일 개원 20주년 세미나…박상우 전 장관 AI 기조강연",https://www.news1.kr/realestate/general/6303427,"박 실장은 장기 저성장과 공사비 상승, PF 불확실성, 지방시장 위축 등 건설시장의 구조적 변화와 함께 전문건설업이 직면한 경쟁 심화, 노동·안전 규제, 인력 부족, 디지털 전환 격차 등의 현안을 진단한다. 또... "
2026-09-28,네이버뉴스,"""약속 지켜라""던 전주시…대한방직 터 착공 시한 넘겨도 ""협약 유지""",https://www.nocutnews.co.kr/news/6583884?utm_source=naver&utm_medium=article&utm_campaign=20260928032636,"지난 2024년 12월 30일 전주시와 시행사 자광이 체결한 협약에는 주택건설사업계획 승인일(2025년 9월 29일)... 또 시공사와 공사 기간·공사비 등을 협의하며 도급계약 체결을 위한 막바지 협상을 진행하고 있다며, 착공... "
2026-09-28,네이버뉴스,"[줌인] 한전KPS, 정비 넘어 발전사업까지…인니 수력발전 투자로 해외사...",http://www.dailypop.kr/news/articleView.html?idxno=102897,"신규 발전사업은 인허가와 건설 지연, 공사비 증가, 상업운전 지연 등의 개발단계 변수가 존재한다. 반면 하상 발전소는 이미 약 6년간 상업운전을 이어온 만큼 개발단계의 불확실성이 상당 부분 지나간... "
2026-09-28,네이버뉴스,"전주 대한방직 터 개발 늦어져…시행사, 기술검토 완료",https://www.fnnews.com/news/202609281445019427,"시공 능력을 갖춘 건설사와 공사 기간 및 공사비 등에 대해 조율을 이어가고 있다는 설명이다. 자광 관계자는 ""성공적인 사업 추진을 위해 모든 역량을 집중하고 있다. 지역 경제 활성화를 열어갈 복합개발을 믿고... "
2026-09-28,네이버뉴스,3기 신도시 명도소송 70% 쏠린 고양창릉…청약 대기자 ‘입주 지연’·금...,https://www.dailyt.co.kr/newsView/dlt202609280017,"신도시 개발은 대규모 금융 자금이 맞물려 돌아가는 구조인 만큼, 부지 확보 지연은 대주단과 건설사의 금융 부담으로 직결된다. 금융권 관계자는 “명도소송이 장기화될수록 토지 매입에 투입된 브릿지론과 공사비... "
2026-09-28,네이버뉴스,"LH, 공공주택 공사비 산정 개선... 2030년까지 3977억원 절감",http://www.newslock.co.kr/news/articleView.html?idxno=136954,한국토지주택공사가 정부의 주택공급 확대 정책에 맞춰 공공주택 건설사업의 공사비 산정 방식을 개선했다고 28일 밝혔다. LH는 자재· 인건비 상승 등으로 커지는 사업비 부담을 줄이기 위해 올해부터 설계 단계에서... 
2026-09-28,네이버뉴스,[분양 스케치] '한화포레나 지제역' 평택 청약 부진 수요 확보 방안은,https://www.bloter.net/news/articleView.html?idxno=674497,"평택시 주택건설공사 감리자 모집공고에 기재된 총사업비는 6213억원으로 대지비 1752억원과 총공사비 2633억원 등이 포함됐다. 사업주체는 한국투자부동산신탁, 시공사는 한화 건설부문이다. 이번 사업에서 한화... "
2026-09-28,네이버뉴스,공사비 뛰고 특공 부활…세종 '우미린·한양수자인' 고분양가 우려,https://www.dynews.co.kr/news/articleView.html?idxno=867457,간접공사비도 60만4000원에서 66만3000원으로 9.77% 상승했다. 분양가상한제가 적용되는 세종은 기본형건축비... 다솜동 5-2생활권에서도 우미건설의 '우미 린' 1356가구가 분양을 앞두고 있다. 두 단지를 합치면 3550가구다.... 
2026-09-28,네이버뉴스,"LH, 공사비 산정 방식 대폭 개선 추진",https://www.idomin.com/news/articleView.html?idxno=2015776,한국토지주택공사(LH)는 정부의 주택공급 확대 정책에 발맞춰 공공주택 건설사업 비용 부담 완화를 위해 공사비 산정 방식을 대폭 개선한다. 이를 통해 2030년까지 연평균 1000억 원을 절감한다는 계획이다. LH는 올해... 
2026-09-28,네이버뉴스,"""주택 공급 확대 총력""…주금공, PF대출 갈아타기로 준공 보증",https://www.news1.kr/finance/general-finance/6303265,"PF 보증, 건축공사비플러스PF 보증, 건설자금보증의 보증비율을 내년 말까지 부분보증 방식(90~95%)에서 전액 보증(100%)할 수 있도록 확대했다. 고가주택(12억 원 초과)이 포함된 사업장에 대한 보증지원 기준도 완화했다. 본... "
2026-09-28,네이버뉴스,"대한건설정책연구원, 개원 20주년 기념식 및 세미나 개최… 전문건설 미...",http://www.ikld.kr/news/articleView.html?idxno=341404,"박 실장은 장기 저성장과 공사비 상승, PF 불확실성, 지방시장 위축 등 건설시장의 구조적 변화와 함께 전문건설업이 직면한 경쟁 심화, 노동·안전 규제, 인력 부족, 디지털 전환 격차 등의 현안을 진단하고, 전문건설업의... "
2026-09-28,네이버뉴스,도봉구 첫 '호반써밋' 입주…창동상아1차 재건축 시공자 선정,https://www.newsis.com/view/NISX20260928_0003805355,도봉구에 따르면 지난 19일 창동상아1차아파트 재건축사업 사업시행자인 대한토지신탁이 '호반건설(브랜드 호반써밋)'을 시공자로 선정했다. 총공사비 약 3083억원을 투입해 공동 주택 962세대와 부대 복리 시설을 갖춘... 
2026-09-28,네이버뉴스,"건설정책연구원, 개원 20주년 기념식 연다",http://mcnews.co.kr/86711,"박선구 실장은 장기 저성장과 공사비 상승, PF 불확실성, 지방시장 위축 등 건설시장의 구조적 변화와 함께 전문건설업이 직면한 경쟁 심화, 노동·안전 규제, 인력 부족, 디지털 전환 격차 등의 현안을 진단하고... "
2026-09-28,네이버뉴스,"LH, 표준시장단가 적용항목 확대…2030년까지 4천억원 절감",https://www.ebn.co.kr/news/articleView.html?idxno=1725835,한국토지주택공사(LH)는 정부의 주택공급 확대 정책에 발맞춰 공공주택 건설사업의 비용 부담 완화를 위해 공사비 산정 방식 개선에 나선다고 28일 밝혔다. 표준시장단가 적용 항목 확대 등을 통해 올해 451억원의 사업비... 
2026-09-28,네이버뉴스,1조6000억 '대전역세권 개발' 사업성 악화에 무산 위기,https://www.hankookilbo.com/news/article/A2026092808310003303?did=NA,"한국건설기술연구원 자료에 따르면 지난 7월 건설공사비지수(2020년=100)는 138.59%로 역대 최고치를 기록했다. 복합2구역 공모 당시보다 재료비와 노무비, 장비비 등 직접공사비가 38.59% 올랐다는 것이다. 여기에 호텔을... "
2026-09-28,네이버뉴스,공사계약액 10년 최고치 눈앞인데…업황은 여전히 '찬바람',https://www.mediapen.com/news/view/1126341,한국건설기술연구원의 건설공사비지수(2020년=100)는 지난해 8월 130.91에서 올해 7월에는 138.59(잠정치)까지 11개월 연속 상승했다. 공사비 상승은 이미 계약금액이 정해진 공사를 수행하는 건설사일수록 수익성에... 
2026-09-28,네이버뉴스,"LH, 공공주택 공사비 산정 방식 손질…2030년까지 4000억 줄인다",https://www.news1.kr/realestate/general/6303201,LH는 공공주택 건설사업의 비용 부담 완화를 위해 공사비 산정 방식을 개선한다고 28일 밝혔다. LH는 공공주택 건설 물량이 늘어나는 가운데 자재비와 인건비 상승으로 커지는 사업비 부담을 완화하기 위해 공사비... 
2026-09-28,네이버뉴스,"LH, 공공주택 공사비 산정방식 개선…올 하반기 451억원 절감 효과",http://www.newstomato.com/ReadNews.aspx?no=1314909&inflow=N,(사진=한국토지주택공사) 한국토지주택공사(LH)가 공공주택 건설사업의 공사비 산정방식을 개선해 올해 하반기 발주 물량에서 451억원의 사업비 절감 효과를 확인했습니다. LH는 표준시장단가 적용방식과 적용 범위를... 
2026-09-28,네이버뉴스,"[반극동칼럼] 대전역 동·서광장 개발, 실현 가능한 계획부터 다시 세워...",https://www.ggilbo.com/news/articleView.html?idxno=1183873,"동광장 복합2-1구역은 2020년 한화건설 등이 참여한 컨소시엄이 사업자로 선정됐다. 이후 공사비와 금융비용 상승, 부동산 경기 위축으로 사업성이 악화되자 공동주택 층수와 공급 규모를 늘리는 방향으로 계획을 변경했다.... "
2026-09-28,네이버뉴스,"LH, 공공주택 건설 표준시장단가 적용항목 확대… 사업비 연평균 1000억...",https://www.dnews.co.kr/uhtml/view.jsp?idxno=202609281304198320548,"2030년까지 약 4000억원 절감 기대 한국토지주택공사(LH)는 공공주택 건설사업의 비용 부담 완화를 위해 공사비 산정 방식을 개선, 올해만 451억원을 절감했다고 28일 밝혔다. 오는 2030년까지 연평균 1000억원을 절감한다는... "
2026-09-28,네이버뉴스,"도봉구 창동상아1차아파트, 구 신속통합기획 사업 중 처음으로 시공자 ...",https://www.cnbizm.com/news/articleView.html?idxno=316343,대한토지신탁이 '호반건설(브랜드 호반써밋)'을 시공자로 선정했다고 밝혔다. 창동상아1차아파트는 쌍문한양1차아파트와 함께 서울시 내에서 가장 빠르게 재건축이 추진되고 있는 단지다. 이번 사업을 통해 총공사비... 
2026-09-28,네이버뉴스,용수는 공급계획·전력은 재원…호남 반도체 산단 인프라 시험대,https://www.asiatime.co.kr/article/20260928500225,"내년 예산안에는 새 댐 건설을 위한 조사·설계비 150억원과 초기 공사비 520억3800만원이 배정됐다. 기후부는 지난 17일 박 의원실에 제출한 답변서에서 댐 증고 높이나 용수 공급량 산정 근거, 수몰 예상 범위... "
2026-09-28,네이버뉴스,"LH, 공공주택 공사비 낮춘다..2030년까지 4000억원 절감",http://www.4th.kr/news/articleView.html?idxno=2118754,LH는 2027년부터 2030년까지 예정된 공공주택 건설 물량에 개선 방식을 적용할 경우 누적 3977억원의 사업비를 줄일 수 있을 것으로 예상했다. 연평균으로는 약 1000억원 규모다. 이번 공사비 산정방식 개편은 정부가... 
2026-09-28,네이버뉴스,기본형건축비 4%↑… ‘3기 신도시 분양가’ 더 뛴다,https://www.munhwa.com/article/11619839?ref=naver,신도시 분양가는 계속 뛸 것으로 보인다. 미국·이란전쟁 장기화 탓에 7월 건설공사비지수(138.59)는 전년 동월 대비 5.8% 상승해 최고치를 기록했는데 공사비에 순차적으로 반영될 것으로 관측된다.
2026-09-28,네이버뉴스,"LH, 공사비 산정방식 개선…2030년까지 4천억원 절감 추진",http://www.smedaily.co.kr/news/articleView.html?idxno=363793,"공사비 산정방식 개선 관련 인포그래픽 한국토지주택공사(LH)는 공공주택 건설사업의 비용 부담을 줄이기 위해 공사비 산정방식을 개선하고, 2030년까지 약 4000억원의 사업비를 절감할 계획이라고 28일 밝혔다. 이번... "
2026-09-28,네이버뉴스,"건정연, 내달 1일 개원 20주년 세미나…전문건설 미래전략 논의",https://www.fnnews.com/news/202609281124478799,"박선구 건정연 경제금융연구실장은 장기 저성장과 공사비 상승, 프로젝트파이낸싱(PF) 불확실성, 지방 건설시장 위축 등 산업환경을 진단한다. 경쟁 심화와 노동·안전 규제, 인력 부족, 디지털 전환 격차 등... "
2026-09-28,네이버뉴스,"자광 ""전주 타워복합개발사업 '동시착공·준공' 기술 검토 완료""",https://www.newspim.com/news/view/20260928000579,전주 옛 대한방직 부지 '관광타워 복합개발' 조감도[사진=뉴스핌DB] 2026.09.28 lbs0964@newspim.com 현재 자광은 시공 능력을 갖춘 건설사와 공사기간 및 공사비 등을 협의하며 공식 도급계약 체결을 위한 막바지 협상을... 
2026-09-28,네이버뉴스,"[경북 24시] 경북도, 무주~성주~대구 고속도로 예타 통과 공동 대응",https://www.sisajournal.com/news/articleView.html?idxno=388349,고속도로 건설 예타 통과를 위한 국회 정책세미나'를 주관하고 예비타당성조사 대응 방안을 논의했다.... 부지 평탄화와 옹벽 설치 등 기반시설 공사비도 지원한다. 지원 한도는 '공급받은 면적(㎡)×조성원가(원/㎡)×14... 
2026-09-28,네이버뉴스,교통망과 특화 설계 갖춘 '구리갈매 휴밸나인' 지식산업센터 공급,https://www.apnews.kr/news/articleView.html?idxno=3051543,"최근 건설 원자재 가격과 인건비 상승으로 인해 신규 업무시설의 공사비 부담이 커지면서, 기업들은 분양 가격과 입지 여건을 신중하게 고려하고 있다. 해당 단지는 준공 후 공급되는 만큼 실물을 직접 확인하고 입주할... "
2026-09-28,네이버뉴스,"LH, 공공주택 공사비 4000억원 절감 추진…임대주택 관리 인력은 '제자리...",http://www.whitepaper.co.kr/news/articleView.html?idxno=267235,"화이트페이퍼, WHITEPAPER(사진=연합뉴스)  한국토지주택공사(LH)가 공공주택 건설비 부담을 낮추기 위해 공사비 산정체계를 손질하면서 2030년까지 약 4000억원의 사업비 절감을 추진한다. 반면 LH가 유지보수를... "
2026-09-28,네이버뉴스,"LH, 공사비 산정방식 손질…연평균 1000억 절감 기대",http://www.metroseoul.co.kr/article/20260928500130,실제 낙찰률 반영하고 시장단가 비교 항목 확대 올 하반기 1만9677가구에 적용 /한국토지주택공사 한국토지주택공사(LH)가 공공주택 건설비용을 줄이기 위해 공사비 산정방식을 바꾼다. 실제 낙찰 수준을 반영해 공사비를... 
2026-09-28,네이버뉴스,"LH, 공사비 산정 개편…2030년까지 4000억 절감",https://www.kpinews.kr/newsView/1065577675340102,한국토지주택공사(LH)가 공공주택 건설비용 부담을 줄이고 정부의 주택공급 확대 정책을 효과적으로 뒷받침하기 위해 공사비 산정 방식을 합리적으로 대폭 개편한다고 28일 밝혔다. 이를 통해 올해 하반기에만 451억... 
2026-09-28,네이버뉴스,[패트롤]경북도-경북교육청-경북개발공사,https://www.ekn.kr/web/view.php?key=20260928020009295,경북도는 28일 국회 의원회관에서 '무주~성주~대구 고속도로 건설 예타 통과를 위한 국회 정책세미나'를... 부지 평탄화와 옹벽 설치 등에 투입된 실제 공사비를 '공급면적×조성원가×14%' 범위 안에서 지원한다.... 
2026-09-28,네이버뉴스,경제수준 대비 높은 사고사망률... '안전 미스매치'의 원인은?,https://www.safetynews.co.kr/news/articleView.html?idxno=250744,다섯 번째 토론자인 강성주 대한전문건설협회 노동안전혁신팀장은 건설업의 안전 관리를 위해서는 중복 규제가 완화되고 모든 공사 참여 주체의 책임이 강화돼야 하며 산업별 실무 규범이 마련되고 적정 공사비가... 
2026-09-28,네이버뉴스,"AI가 바꾸는 건설현장…대한건설정책연구원, 개원 20주년 세미나 개최",https://biz.heraldcorp.com/article/10885900?ref=naver,이번 세미나에서는 장기 저성장·공사비 상승·프로젝트파이낸싱(PF) 불확실성 등 건설시장 전환기의 혁신 전략과 AI·자동화 기술이 전문건설업에 미칠 영향을 다룬다. 기조강연은 연구원 제4대 원장을 지낸 박상우 전... 
2026-09-28,네이버뉴스,[LH 포커스] 공사비 산정방식 개편·서리풀 1지구·생활숲 치유프로그램,http://www.thevaluenews.co.kr/news/view.php?idx=201887,[사진=LH] 올해부터 공사비 산정방식을 개편해 불필요한 비용 상승 요인을 줄일 수 있도록 ‘표준시장단가 적용방식’을 개선·적용한다. 공공주택 공급 확대에 따른 건설 물량 증가와 자재비·인건비 상승에 대응하기... 
2026-09-28,네이버뉴스,건설 살아나나…계약액 역대 고점 매출 기준 50대 기업 회복세 뚜렷,http://www.smedaily.co.kr/news/articleView.html?idxno=363774,한국개발연구원(KDI)은 8월 수정 경제전망에서 공사비 상승과 부동산경기 부진 등을 반영해 올해 건설투자가 0.1% 증가하는 데 그칠 것으로 내다봤다. 내년에는 반도체공장 증설 등에 힘입어 증가율이 2.7%로... 
2026-09-28,네이버뉴스,"LH, 공공주택 공사비 산정 개선…451억 절감",https://www.pinpointnews.co.kr/news/articleView.html?idxno=490697,공사비 산정방식 개선 관련 인포그래픽. LH 제공. 공공주택 건설비 부담이 커지는 가운데 한국토지주택공사(LH)가 설계 단계에서부터 공사비를 낮출 수 있도록 산정 기준을 손질했다. 올해 하반기 발주 물량에 시범... 
2026-09-28,네이버뉴스,"창동상아1차, '호반써밋' 입는다…도봉구 신통기획 첫 시공자 선정",https://www.job-post.co.kr/news/articleView.html?idxno=229280,호반건설은 자사 주택 브랜드 '호반써밋'을 적용해 새로운 단지를 조성할 예정이다. 재건축에는 약 3083억원의 공사비가 투입된다. 사업이 완료되면 공동주택 962가구와 부대복리시설을 갖춘 최고 45층 규모의 주거단지로... 
2026-09-28,네이버뉴스,"LH, 공공주택 공사비 산정방식 개편…2030년까지 3977억원 절감",https://www.viva100.com/article/20260928500386,한국토지주택공사(LH)가 공공주택 건설사업의 비용 부담을 낮추기 위해 공사비 산정 방식을 개편한다. LH는 올해부터 설계 단계에서 공사비를 산정할 때 적용하는 ‘표준시장단가’ 기준을 개선했다고 28일 밝혔다.... 
2026-09-28,네이버뉴스,"LH, 공사비 산정 방식 개편…2030년까지 4000억원 절감",https://www.dailian.co.kr/news/view/1694855/?sc=Naver,한국토지주택공사(LH)가 정부의 주택공급 확대 정책에 발맞춰 공공주택 건설사업의 비용 부담 완화를 위해 공사비 산정 방식을 대폭 개선해 오는 2030년까지 연평균 1000억원을 절감한다. LH는 올해부터 설계 단계에서부터... 
2026-09-28,네이버뉴스,"LH, 표준시장단가 적용 확대… 연평균 1천억 절감",http://www.ikld.kr/news/articleView.html?idxno=341385,"한국토지주택공사(LH)가 공공주택 건설 사업의 비용 부담을 낮추고자 공사비 산정 방식을 대폭 개선한다. 이를 통해 올해 451억원을 절감하고, 2030년까지 연평균 1천억원을 절감할 것으로 예상된다. LH는 올해부터 설계... "
2026-09-28,네이버뉴스,"LH, 공사비 산정방식 개선…2030년까지 4500억원 아낀다",https://www.mt.co.kr/estate/2026/09/28/2026092809353035494,한국토지주택공사(LH)가 정부의 주택공급 확대 정책에 발맞춰 공공주택 건설사업의 비용 부담을 완화한다. LH는 비용부담을 완화하고자 공사비 산정 방식을 대폭 개선한다고 28일 밝혔다. LH는 올해부터 설계... 
2026-09-28,네이버뉴스,"LH, 공공주택 공사비 '다이어트'…2030년까지 4000억 줄인다",https://www.mediapen.com/news/view/1126238,한국토지주택공사(LH)가 공공주택 건설비를 낮추기 위해 공사비 산정 기준을 손질했다. 설계 단계에서 실제 계약 가능성이 높은 공사비를 반영하고 시장에서 거래되는 공사단가와 비교하는 방식을 도입하면서 올해... 
2026-09-28,네이버뉴스,"LH, 공사비 산정방식 개편…2030년까지 3977억 절감",https://www.bizwork.co.kr/news/articleView.html?idxno=419451,"한국토지주택공사(LH)가 공공주택 건설비 부담을 줄이기 위해 공사비 산정방식을 개편한다. 올해 하반기 발주 물량에 우선 적용한 결과 451억원을 절감했으며, 2030년까지 누적 절감액은 3977억원에 이를 것으로... "
2026-09-28,네이버뉴스,준공됐다는데 공사는 계속…청도 국도20호선 대남~모강 언제 끝나나,https://www.g-enews.com/view.php?ud=2026092808153960017d9ce08d08_1,국토교통부 건설사업정보시스템에 등록된 ‘국도20호선 청도 원정 모강 대남~모강 단구간확장사업 2구간’의 공사기간은 2022년 1월 10일부터 2025년 12월 19일까지다. 공사비는 149억3413만원이다. 시스템에는 현재... 
2026-09-28,네이버뉴스,'상화로 입체화' 추경 172억 원 반영 사업 추진에 속도,https://www.tbc.co.kr/news/view?pno=20260924100059AE06071&id=211487,"상화로 입체화 사업은 상습 교통혼잡 구간인 달서구 월곡네거리에서 유천네거리까지 4.1km 구간에 왕복 4차로 지하도로를 건설하는 것으로, 공사비 증가와 민원 등으로 인해 완공 시기가 내년에서 내후년으로 미뤄질... "
2026-09-28,네이버뉴스,"LH, 공사비 산정 기준 손질해 올해 451억 절감…2030년까지 3977억",https://www.businessplus.kr/news/articleView.html?idxno=117354,/사진=LH 한국토지주택공사(LH)가 공공주택 건설사업의 공사비 산정 기준을 손질해 올해 하반기에만 451억원의 사업비를 줄였다. LH는 표준시장단가 적용 범위 확대와 산정 방식 개선을 이어가면서 2030년까지 누적 약... 
2026-09-28,네이버뉴스,"LH, 표준시장단가 적용 확대…""2030년까지 공사비 4000억 절감""",https://www.newsis.com/view/NISX20260928_0003804801,한국토지주택공사(LH)가 공공주택 건설사업의 비용 부담을 낮추기 위해 공사비 산정 방식을 개편한다고 28일 밝혔다. 이는 최근 공공주택 건설 물량이 늘어나는 가운데 자재비와 인건비 상승으로 사업비 부담이 커지자... 
2026-09-28,네이버뉴스,"LH, 공공주택 공사비 산정 개편…연평균 1000억원 절감 기대",https://weekly.hankooki.com/news/articleView.html?idxno=7186070,사진=LH  한국토지주택공사(LH)가 공공주택 건설 사업비 부담을 줄이기 위해 공사비 산정 방식을 전면 개편했다고 28일 밝혔다. 이번 개편의 핵심은 표준품셈 단가에 전년도 평균 낙찰률을 반영한 '예상 계약단가'와... 
2026-09-28,네이버뉴스,"LH, 표준시장단가 적용 확대로 연 1천억 절감",https://news.einfomax.co.kr/news/articleView.html?idxno=4436624,"한국토지주택공사(LH)는 공공주택 건설 사업의 비용 부담을 낮추고자 공사비 산정 방식을 대폭 개선한다고 28일 밝혔다. 이를 통해 올해만 451억원, 2030년까지 연평균 1천억원을 절감할 것으로 기대된다. LH는 올해부터... "
2026-09-28,네이버뉴스,폴리뉴스 모닝브리핑 9월 28일 월요일,https://www.polinews.co.kr/news/articleView.html?idxno=744156,"국토위 국감···'발주자책임·공사비검증·삼성역책임' 건설3대쟁점 https://www.polinews.co.kr/news/articleView.html?idxno=744150 13. UAE·사우디 방산협력 확대…한화, 현지사업 기반구축... "
2026-09-28,네이버뉴스,"LH, 공사비 산정방식 개선으로 451억원 절감… 2030년까지 4천억원 절감...",http://www.ftoday.co.kr/news/articleView.html?idxno=366157,"한국토지주택공사(LH)가 공공주택 건설사업의 공사비 산정 방식을 개선해 올해 451억 원, 2030년까지 누적 약 4천억 원의 사업비를 절감한다고 밝혔다. 최근 자재비와 인건비 상승으로 사업비 부담이 커지는 가운데... "
2026-09-28,네이버뉴스,"LH, 공공주택 짓는 비용 낮춘다…4년간 3977억원 절감",https://www.fntimes.com/html/view.php?ud=202609280910311230048b718333_18,LH는 공공주택 건설 물량 증가와 자재·인건비 상승에 따른 사업비 부담을 줄이기 위해 공사비 산정 방식을 개선한다고 28일 밝혔다. 표준시장단가는 실제 수행한 공사의 시장거래가격을 토대로 작성한 단가로... 
2026-09-28,네이버뉴스,"LH, 공사비 산정방식 개편…2030년까지 '공공주택 사업비 4000억 절감' 목...",http://www.paxetv.com/news/articleView.html?idxno=282778,[사진=LH] 한국토지주택공사(LH)가 공공주택 건설사업의 원가 상승 부담을 줄이기 위해 공사비 산정 방식을 개선한다고 28일 밝혔습니다. 올해 451억원을 시작으로 오는 2030년까지 누적 약 4000억원의 사업비를 절감하는... 
2026-09-28,네이버뉴스,"LH, 공공주택 공사비 산정 방식 개선… 2030년까지 4000억원 절감",https://biz.chosun.com/real_estate/real_estate_general/2026/09/28/XL2TIPKLCZAALDI7EFPM2Q2V6U/?utm_source=naver&utm_medium=original&utm_campaign=biz,표준시장단가 적용방식 개선·적용 한국토지주택공사(LH)는 공공주택 건설사업의 비용 부담 완화를 위해 공사비 산정 방식을 대폭 개선한다. 2030년까지 약 4000억원의 공사비를 절감할 수 있을 것으로 예상된다. LH는... 
2026-09-28,네이버뉴스,LH 공사비 산정 방식 개편으로 사업비 절감,https://www.newsclaim.co.kr/news/articleView.html?idxno=3076583,"LH,이성훈 한국토지주택공사(LH, 사장 이성훈)가 공공주택 건설사업의 비용 부담을 낮추기 위해 공사비 산정 방식을 개편하고 2030년까지 연평균 1000억 원의 사업비를 절감한다고 밝혔습니다. LH 제공 한국토지주택공사(LH... "
2026-09-28,네이버뉴스,"LH, 공사비 산정 방식 개편…2030년까지 사업비 4000억 절감한다",https://biz.heraldcorp.com/article/10885647?ref=naver,"한국토지주택공사(LH)가 정부의 주택공급 확대 정책에 발맞춰 공공주택 건설사업의 비용 부담을 줄이기 위해 공사비 산정 방식을 대폭 개편한다. 이를 통해 올해에만 451억원을 절감하고, 오는 2030년까지 누적 약... "
2026-09-28,네이버뉴스,"LH, 공사비 산정 기준 손질…2030년까지 4000억원 절감",https://news.tf.co.kr/read/economy/2369949.htm,표준시장단가 적용 항목 확대…사업비 절감 효과 실현 한국토지주택공사(LH)가 공공주택 건설사업의 공사비 산정 방식을 손질해 올해 451억원의 사업비를 줄였다. LH는 이번 제도개선을 통해 오는 2030년까지 누적 약... 
2026-09-28,네이버뉴스,[최승준 변호사의 건설법률 상식-43]건설·부동산 계약서 리스크 체크리...,http://www.ikld.kr/news/articleView.html?idxno=341194,"건설분쟁에서는 공정률, 하자 원인, 추가공사비, 공기연장 사유처럼 기술적 판단이 필요한 쟁점이 많다. 따라서 계약체결 단계에서 공정자료, 사진, 회의록, 검측 기록, 설계변경 자료, 기성청구 자료를 어떤 방식으로 작성... "
2026-09-28,네이버뉴스,"LH, 공사비 산정방식 손질…2030년까지 4000억원 절감",https://www.etoday.co.kr/news/view/2629684,이투데이=김지영 기자 | 올 하반기 34개 블록 적용해 451억원 절감 예상 계약단가·시장단가 비교해 낮은 가격 적용 한국토지주택공사(LH)가 공공주택 건설사업의 공사비 산정 방식을 개선해 올해 451억원의 사업비를... 
2026-09-28,네이버뉴스,"LH, 공사비 산정 바꿔 451억 절감…2030년까지 3977억 아낀다",https://www.newsfreezone.co.kr/news/articleView.html?idxno=711131,한국토지주택공사(LH)가 공공주택 건설사업의 공사비 산정 방식을 바꿔 올해 하반기에만 451억원의 사업비를 절감했다. LH는 제도 개선을 이어가면 2030년까지 누적 3977억원을 줄일 수 있을 것으로 내다봤다. LLH는28일... 
2026-09-28,네이버뉴스,"도봉구, 첫 ‘호반써밋’ 들어선다",https://www.munhwa.com/article/11619725?ref=naver,‘호반건설(브랜드 호반써밋)’을 시공자로 선정했다. 창동상아1차아파트는 쌍문한양1차아파트와 함께 서울시 내에서 가장 빠르게 재건축이 추진되고 있는 단지다. 이번 사업을 통해 총공사비 약 3083억 원을 투입해... 
2026-09-28,네이버뉴스,"해수부, 항만·어항 건설 공사 현장 점검",https://news.kbs.co.kr/news/pc/view/view.do?ncd=8672375&ref=A,해양수산부가 항만과 어항 등 건설 공사 현장 점검에 나섭니다. 해수부는 다음 달 30일까지 공사비 300억 원 이상의 현장과 상시 관리가 필요한 현장 등 해양수산 건설 공사장 46곳을 대상으로 공사 품질과 안전 관리 실태... 
2026-09-28,네이버뉴스,"“가업상속공제 개편안, 지역 사정 반영해야”",https://www.busan.com/view/busan/view.php?code=2026092818201739686,전문건설·창고·운송업처럼 숙련 기술을 갖추고 거래망을 축적해 온 기업들까지 업종 분류만으로 공제... 오상훈 부산지방국세청장은 “대내외 리스크로 어려움을 겪는 지역 상공인들을 적극 지원해 지역경제의 활력... 
2026-09-28,네이버뉴스,"[증권픽] 대신증권, MTS 현재가 첫 화면에 '배당' 탭 신설 外",http://www.newsian.co.kr/news/articleView.html?idxno=96138,"기관투자가, 건설사, 운용사 및 인공지능(AI) 인프라 운영사 등을 초청해 '데이터센터 프로젝트파이낸싱... 변동성 리스크가 높은 시기에는 ACE 머니마켓액티브 ETF와 같은 단기자금형 상품을 포트폴리오에 추가해... "
2026-09-28,네이버뉴스,"바다가 11㎝ 높아졌다…유엔 ""2100년 연안도시 위험 최소 10배""",https://www.esgeconomy.com/news/articleView.html?idxno=16843,공항도 넓고 평탄한 부지가 필요하기 때문에 해안이나 매립지에 건설된 경우가 많다. 정유·석유화학 시설과... 기후적응이 환경부서의 업무에서 금융기관과 투자자의 리스크 관리로 이동하는 것이다. 해수면 상승은... 
2026-09-28,네이버뉴스,"석유·가스·광물 ‘저장 곳간’ 넓힌다…자원안보, 비축시설 확대 추진",https://www.asiatoday.co.kr/kn/view.php?key=20260928010009796,핵심광물은 별도 비축계획을 수립하고 새만금에 전용 비축기지 건설을 추진한다. 자원 공급망 위기에... 180일에서 최대 365일로 상향하는 등 광종별 수급 리스크를 고려해 광물 비축 포트폴리오를 관리해 나갈 계획이다.
2026-09-28,네이버뉴스,"강준영 교수 “안보는 한미동맹, 경제는 실용적 다자주의…한국형 초월...",https://www.sedaily.com/article/20095724?ref=naver,중국으로서는 반년 만의 양국 정상 상호 국빈 방문을 통해 자신들이 강조하는 ‘건설적 전략 안정 관계’를... 이 가운데 ‘홀로서기’ 전략은 안보 공백 리스크가 과도해 현실성이 낮다. ‘양다리’ 전략은 미중... 
2026-09-28,네이버뉴스,"부산상의, 부산국세청장과 간담회…비수도권 기업 세제혜택 등 건의",https://www.news1.kr/local/busan-gyeongnam/6303676,"조세회피를 방지하겠다는 개정 취지에는 공감하지만 전문건설·창고·운송업 등 숙련 기술과 거래망을... 오상훈 청장은 ""대내외 리스크로 어려움을 겪는 지역 상공인들을 적극 지원해 지역경제의 활력 회복에 힘쓰겠다""고... "
2026-09-28,네이버뉴스,"최윤범 고려아연 회장 ""주기율표 룰렛 전략…5년 내 생산 금속 30종 확대...",https://www.m-i.kr/news/articleView.html?idxno=1418729,미국 통합 제련소 건설 프로젝트인 '프로젝트 크루서블'을 차질 없이 추진하고 5년간 제품 포트폴리오를... 변동 리스크를 상쇄하고 실적 하단을 견고히 지켜낸다는 것이다. 회사는 그간 다각화 전략을 적극적으로... 
2026-09-28,네이버뉴스,생산성 증가가 경제 위협할 때: AI 역설과 유령 GDP,https://www.thescoop.co.kr/news/articleView.html?idxno=311756,데이터센터 건설비와 장기 의무 사용료마저 회계장부상에서 분식해 AI 산업 자체를 위기로 몰아넣고 있다는 거다. 이런 금융 리스크가 AI의 성장을 방해해 1년 남짓 남은 것으로 예상되는 인간의 AI 통제력을... 
2026-09-28,네이버뉴스,[제3회 대경 민간투자포럼] (1) 민자사업 물가변동·간접비 정상화에 머...,https://www.dnews.co.kr/uhtml/view.jsp?idxno=202609281659487260621,"〈대한경제〉는 28일 서울 강남구 건설회관에서 ‘2026 제3회 대한경제 민자포럼’을 열고, ‘민자사업... 과도한 리스크 부담을 완화하고 민자 시장에 다시 활력을 불어넣을 실효성 있는 방안을 찾는 계기가 되길 바란다”... "
2026-09-28,네이버뉴스,"고려아연, '특정 금속 의존' 벗어난다…""영풍·MBK, 성장전략에 동참해...",https://news.mtn.co.kr/news-detail/2026092816094270080,변동 리스크를 효과적으로 낮추고 있다. 최 회장은 이를 고려아연의 독자적인 정제 기술력을 바탕으로 한... 이와 함께 중장기 핵심 성장축으로는 미국 내 통합제련소 건설 사업인 '프로젝트 크루서블(Project Crucible)'을... 
2026-09-28,네이버뉴스,"청주대 건축공학과, 연구재단 과제 잇단 선정",https://www.dynews.co.kr/news/articleView.html?idxno=867501,"민원 리스크 분석에 연계한 통합 시스템을 구축할 계획이다. 교수진들은 "" AI와 IoT, 데이터 기술을 접목한 연구를 통해 실제 건설 현장에서 활용할 수 있는 기술을 개발하고 미래 건설산업의 다양한 현안에 대응하는... "
2026-09-28,네이버뉴스,[이슈&트렌드] AI 시대 왜 배터리가 주목받나,https://www.dt.co.kr/article/12086209?ref=naver,"""인공지능(AI) 데이터센터 하나를 돌리는 데 필요한 배터리는 몇개일까?"" AI 데이터센터 건설 소식이... 특히 리튬 배터리 화재 시 발생하는 유독가스와 가스폭발 리스크, 화재 진압 후에도 잔여 전력으로 인해 며칠 뒤... "
2026-09-28,네이버뉴스,"율촌, '메가프로젝트 전략지원센터' 발족...""첨단 산업 성공 추진"" [로펌...",https://www.fnnews.com/news/202609281426568208,"단일 센터를 중심으로 C&F, 부동산·건설, 환경·에너지, IP&Tech, TMT, 공정거래, M&A, 국제통상, 조세... 아울러 사업추진 단계별로 법률 리스크 맵을 설계해 선제적 위험 관리를 바탕으로 사업 기간 단축과 안정성을 동시에... "
2026-09-28,네이버뉴스,"부산상의, 지역기업 세무조사 부담 완화·비수도권 차등세제 도입 건의",http://www.breaknews.com/1239378,"부산상의는 조세회피를 방지하기 위한 개정 취지에는 공감하지만, 전문건설업과... 감사드린다""며 ""대내외 리스크로 어려움을 겪는 지역 상공인들을 적극 지원해... "
2026-09-28,네이버뉴스,"지주회사 SK(주) '5중 쪼개기 상장' 비난 불구, 솔리다임은 왜 뉴욕으로...",https://www.ilemonde.com/news/articleView.html?idxno=30683,거버넌스 리스크를 안고 있는 SK하이닉스 주식을 살 이유가 사라진다. 순수 초고용량 저장장치 플레이어인... 공장 건설 등 한 치의 실수가 용납되지 않는 대형 프로젝트들이 동시다발적으로 진행 중이다. 엔비디아의... 
2026-09-28,네이버뉴스,"부산상의, 부산국세청에 “지역기업 세무조사 부담 덜어달라”",https://view.asiae.co.kr/article/2026092815495971467,"부산상의는 조세회피를 방지하겠다는 개정 취지에는 공감하면서도 전문건설·창고·운송업 등 숙련 기술과... 감사드린다""면서 ""대내외 리스크로 어려움을 겪는 지역 상공인들을 적극 지원해 지역경제의 활력 회복에... "
2026-09-28,네이버뉴스,"[In터뷰] 건국대 박종배 교수 ""ESS, 규제 기반에서 시장 기반 자원으로 ...",https://www.industrynews.co.kr/news/articleView.html?idxno=86629,"순수한 경제성만 놓고 보면, 송전망 건설이 더 효율적인 경우도 있다. 하지만 송전망은 주민수용성과 사회적 갈등이라는 추가 비용이 발생한다. 반대로 ESS는 아무리 안전기술이 발전하더라도 화재 등 안전 리스크가... "
2026-09-28,네이버뉴스,"부산상의 ""비수도권 차등 법인세·근로소득세 도입해야""",https://www.newsis.com/view/NISX20260928_0003805641,"가업상속공제 개편안에 대해서는 전문건설·창고·운송업 등 일부 기업이 업종 분류에 따라 공제 대상에서... 오 청장은 ""대내외 리스크로 어려움을 겪는 지역 상공인들을 적극 지원해 지역경제의 활력 회복에 힘쓰겠다""고... "
2026-09-28,네이버뉴스,"청주대 건축공학과, 한국연구재단 학술연구지원사업 잇따라 선정",https://www.inews365.com/news/article.html?no=937370,"민원 리스크 분석에 연계한 통합 시스템을 구축할 계획이다. 지난해 한국연구재단 학술연구지원사업에... 건축공학과 교수진은 "" AI와 IoT, 데이터 기술을 접목한 연구를 통해 실제 건설 현장에서 활용할 수 있는 기술을... "
2026-09-28,네이버뉴스,달라진 靑…민심·여론 신속대응으로 지지율 반등 ‘올인’,https://www.kmib.co.kr/article/view.asp?arcid=9000017781&cp=nv,특히 건설적 정책 비판이 아닌 여권 내부 갈등에서 비롯한 근거 없는 공격과 의혹 제기로 민생·개혁 과제... 실제 청와대의 리스크 대응 속도도 빨라졌다. 청와대는 지난 22일 조 대법원장의 대법관 후보 재제청 요청 거부... 
2026-09-28,네이버뉴스,"추석 연휴 반납한 이재용·최태원, 뉴욕서 젠슨 황과 두 달 만에 재회",https://www.lawtv.kr/news/articleView.html?idxno=61029,"통상 리스크 속 회동 이번 회동은 미국발 통상 불확실성이 커진 가운데 이뤄진다는 점에서도 주목된다.... 대만은 이미 미국과의 합의로 공장 건설 기간에는 계획 생산능력의 2.5배, 완공 후에는 1.5배까지 무관세로... "
2026-09-28,네이버뉴스,"“비수도권 차등 법인세 도입해야”…부산상의, 세정 개선 건의",https://www.mk.co.kr/article/12162719,"부산상의는 조세회피를 방지하겠다는 개정 취지에는 공감하지만, 전문건설·창고·운송업 등 숙련 기술과... 오상훈 부산지방국세청장은 “대내외 리스크로 어려움을 겪는 지역 상공인들을 적극 지원해 지역경제의 활력... "
2026-09-28,네이버뉴스,"화학 3.3%, 건설 3%↑...장기 소외주 일제히 올라 '순환장세' 펼쳐지나",http://www.beyondpost.co.kr/view.php?ud=2026092815204343732aaae0046f_30,"반면 그동안 소외업종으로 평가받던 화학과 건설 업종을 비롯해 대부분의 업종들이 상승하고 있어... 자료=금융투자협회, 연합인포맥스 금융투자업계는 금리 급등의 근본적인 원인을 지정학적 리스크에 따른 물가 상승... "
2026-09-28,네이버뉴스,"""솔리다임 IPO·해외 투자, SK하이닉스, 악재 아닌 관세 리스크 털어낼 ...",https://www.newsquest.co.kr/news/articleView.html?idxno=301636,"미국의 건설 경기와 공장 구축의 세부 단계를 감안할 필요가 있다. 류 연구원은 ""해외 투자 결정이 관세 리스크를 축소시킬 수 있는 변화라는 점을 언급하며, '확실성 해소'가 업사이클 중반부에서 반도체 주식의... "
2026-09-28,네이버뉴스,[Interview] 테리 차오 SEMI 타이완 대표 | “TSMC도 지방 공장 딜레마…...,https://economychosun.com/site/data/html_dir/2026/09/19/2026091900016.html,"(4기)을 건설하는 메가 프로젝트의 인재 유치 우려에 대해 대만 경험이 도움이 될 것이라며 “시간이... 큰 리스크는.“과거에는 기술·비즈니스·시장 관점의 경쟁이 주를 이루었지만, 오늘날 가장 큰 불확실성은... "
2026-09-28,네이버뉴스,"청주대 건축공학과, 2년 연속 한국연구재단 지원 선정… AI·IoT 융합 연구...",https://www.jbnews.com/news/articleView.html?idxno=1512374,"지난해에 이어 2년 연속 선정으로, 지진 대응부터 인공지능(AI)·사물인터넷(IoT) 활용 기술까지 건설 분야... 민원 리스크 분석에 연계한 통합 시스템을 구축할 계획이다. 지난해 선정된 2건은 현재 연구가 진행되고 있다.... "
2026-09-28,네이버뉴스,"[드림&CEO] LX하우시스 노진서號, 위기를 기회로 바꾼 '체질 혁신' 통했...",http://www.newsdream.kr/news/articleView.html?idxno=118948,"국내외 부동산 및 건설 경기 침체가 장기화되는 가운데, LX그룹의 핵심 인테리어·건축자재 계열사인... 특히 주택 착공 감소와 부동산 프로젝트파이낸싱(PF) 리스크 등 건자재 업계 전반에 짙게 드리운 암운을 감안할 때... "
2026-09-28,네이버뉴스,기계장비·반도체 호조로 가동률 75.2% 반등… 기계금속 창업·제조 고용...,https://www.mtnews.net/news/articleView.html?idxno=26076,"경영 리스크가 상존하는 것으로 나타났다. 기계·자동차 등 주력 제조업 중심 생산 증가… 평균가동률... 특히 중소 제조업 취업자는 338만 5천 명으로 전년 동월 대비 7만 3천 명 줄었고, 중소 건설업 취업자도... "
2026-09-28,네이버뉴스,"고려아연, 美투자 본격화됐는데…영풍·MBK 공세 이사회 대립",https://www.bloter.net/news/articleView.html?idxno=674503,"사법 리스크를 안겼다면 경영에서 즉각 배제하는 것이 맞다""며 고려아연 이사회에 맞섰다. 영풍·MBK 측이... 지난해 미국 제련소 건설을 위한 합작법인 지분 출자 및 투자 승인 건에 대해 김 부회장과 강 사장을 비롯해... "
2026-09-28,네이버뉴스,유통가 CEO들 설탕 담합에 홈플러스로 '국감行',https://www.newspim.com/news/view/20260928000604,"현장에서 리스크 관리 및 내부 검증 체계의 결함에 대한 질의가 이어질 것이라는 관측이다. 유통업계 한... 상생을 도모하기 위해서는 기업과 정치권이 문제해결을 위해 건설적 토론을 진행하는 장이 돼야 한다""고 말했다."
2026-09-28,네이버뉴스,"AI가 건축법규 읽고, IoT가 콘크리트 살핀다…청주대 '미래 건설기술' 연...",https://www.ccreview.co.kr/news/articleView.html?idxno=358610,민원 리스크 분석에 연계해 법규 검토와 설계 최적화를 통합적으로 지원하는 시스템을 구축하는 것이 목표다. 콘크리트 품질부터 '제로카본 건축'까지 지난해 선정된 연구도 AI와 IoT를 실제 건설 분야에 접목하는... 
2026-09-28,네이버뉴스,"청주대 건축공학과, AI·IoT 기반 연구 과제 2건 한국연구재단 지원 선정",https://www.gukjenews.com/news/articleView.html?idxno=3707111,"민원 리스크 분석을 연계한 통합 시스템 구축을 목표로 하고 있다. 지난해 선정된 과제 역시 본격적으로... 청주대 건축공학과 교수진은 ""AI와 IoT, 데이터 기술을 접목한 연구를 통해 실제 건설 현장에서 활용할 수 있는... "
2026-09-28,네이버뉴스,"현대제철, 美 루이지애나 전기로 제철소 기공...2029년 車강판 양산",https://www.wolyo.co.kr/news/articleView.html?idxno=318365,현대제철이 미국 루이지애나주에 연산 270만톤 규모의 전기로 제철소를 건설하며 북미 철강시장 공략에... 통상 리스크를 낮출 수 있다는 점도 이번 투자의 배경이다. 미국이 외국산 철강에 대한 관세 장벽을 높이는... 
2026-09-28,네이버뉴스,"中美 정상, 8개 성과 합의 도출",http://kr.people.com.cn/n3/2026/0928/c203278-20504194.html,"이 기간 양국 정상은 중·미 건설적 전략 안정 관계 및 중대 국제·지역 문제에 대해 심도 있게 의견을... 일곱, 양측은 중·미 인공지능(AI) 대화 채널을 구축해 AI 관련 리스크와 혜택에 대한 의견을 교류하는 데 동의했다.... "
2026-09-28,네이버뉴스,"10월 기업경기, 중동 리스크·수출 둔화 ‘반짝 반등’ 한 달 만에 꺾여",http://www.breaknews.com/1239317,"단, 장기 침체를 겪고 있는 건설업(95.3)은 금리 인상에 따른 금융비용 부담으로 여전히 부진의 늪에서 벗어나지 못했다. 부문별 전망에서는 내수와 고용의 선전이... "
2026-09-28,네이버뉴스,반도체·부품 공급망 글로벌 재편 본격화...미국 메모리 생산·투자 기대...,https://www.womentimes.co.kr/news/articleView.html?idxno=106529,"미국의 관세·통상 압박 리스크가 상존하는 가운데 국내 기업들이 자사 고객군의 발주 흐름·재고 확보... 거점을 건설하는 프로젝트에 투입될 것으로 보인다. 한편, 솔리다임은 쿼드레벨셀(QLC) 기반 고용량 eSSD... "
2026-09-28,네이버뉴스,"""착공 기한 넘겼는데"" 전주시, 옛 대한방직 개발 자광 '봐주기'(종합)",https://www.yna.co.kr/view/AKR20260928079651055?input=1195m,소송 리스크와 상위법인 주택법을 이유로 협약 파기나 사업 취소 대신 자광에 강제성 없는 '사업 속행 촉구'로 갈음했다. 자광과의 사업 시행 협약서 제14조는 주택건설사업계획 승인일로부터 1년 이내 착공하지 않을 경우... 
2026-09-28,네이버뉴스,"연휴 후 코스피, 3Q 실적 및 美 고용 등 코앞...주목 업종과 종목은",http://www.opinionnews.co.kr/news/articleView.html?idxno=144932,"유안타증권이 분석한 '3분기 실적 서프라이즈 및 턴어라운드 업종'도 반도체, IT가전, 조선, 기계, 건설... 6배 이하는 다운사이드 리스크보다 업사이드 포텐셜이 높은 국면""이라며 ""극심한 밸류에이션 저평가에서... "
2026-09-28,네이버뉴스,"[로펌이슈] 율촌, '메가프로젝트 전략지원센터' 출범…반도체·AI 데이터...",https://www.newspim.com/news/view/20260928000622,"하나의 센터를 중심으로 C&F, 부동산·건설, 환경·에너지, IP&Tech, TMT, 공정거래, 인수합병(M&A), 국제통상, 조세... 사업 단계별 '법률 리스크 맵'도 설계한다. 프로젝트 진행 과정에서 발생할 수 있는 법적·제도적 위험을... "
2026-09-28,네이버뉴스,"'민주당 우세'라는 미 중간선거…""태양광·전기차 수혜"" 전망",http://www.wowtv.co.kr/NewsCenter/News/Read?articleId=A202609280075&t=NN,"데이터센터 건설로 인한 전력망 비용을 빅테크가 부담하도록 하는 법안이 미 하원을 417 대 3으로 통과하는... 일정 리스크를 높이는 쪽으로 작용할 것""이라며 ""중간선거 이전의 약세는 매수 기회로 삼아야 한다""고... "
2026-09-28,네이버뉴스,"美 5% 금리, 무조건 악재?…""유가·AI투자 따라 희비 갈린다""",https://www.newsis.com/view/NISX20260928_0003805135,"이 연구원은 ""상당 기간 지속된 전쟁 리스크에 대한 국제유가 민감도 둔화도 고려할 필요가 있다""며... WTI가 70달러대에서는 증권·건설·소프트웨어·운송·미디어·자동차 등이, 60달러대에서는 에너지·2차전지·화학... "
2026-09-28,네이버뉴스,"[로펌라운지] 율촌, '메가프로젝트 전략지원센터' 발족…원스톱 솔루션...",https://www.ajunews.com/view/20260928103303332,"반도체·AI 데이터센터 등 초대형 프로젝트 전 과정 자문 '전략+법률+실행' 형태 차별화…단계별 리스크 맵... 단일 센터를 중심으로 C&F, 부동산·건설, 환경·에너지, IP&Tech, TMT, 공정거래, M&A, 국제통상, 조세... "
2026-09-28,네이버뉴스,"[기고] 관세 재편이 만든 새로운 기회, 미얀마가 봉제산업의 최적 투자...",http://dream.kotra.or.kr/kotranews/cms/news/actionKotraBoardDetail.do?SITE_NO=3&MENU_ID=130&CONTENTS_NO=1&bbsGbn=246&bbsSn=246&pNttSn=244288,"리스크는 회피보다 관리의 대상 미얀마 진출에는 전력 공급, 물류, 외화결제, 숙련 인력 및 정치적... 시사점 및 결론 미얀마 진출을 검토하는 기업은 처음부터 대규모 공장을 건설하기보다 단계적으로 접근해야 한다.... "
2026-09-28,네이버뉴스,"일본 중소 제조기업의 인력난, 협동로봇으로 돌파한다",http://dream.kotra.or.kr/kotranews/cms/news/actionKotraBoardDetail.do?SITE_NO=3&MENU_ID=180&CONTENTS_NO=1&bbsGbn=243&bbsSn=243&pNttSn=244174,로봇 도입이 집중적으로 이루어질 18개 대상 산업분야는 제조업·조선·물류·건설·소매·숙박업·의료... 보안 리스크와도 맞물려 있다는 점에 유의할 필요가 있다. 로봇서비스화와 같은 구독형 모델처럼 로봇... 
2026-09-28,네이버뉴스,"법무법인 율촌, '메가프로젝트 전략지원센터' 발족",https://www.mt.co.kr/society/2026/09/28/2026092810094787507,"단일 센터를 중심으로 C&F, 부동산·건설, 환경·에너지, IP&Tech, TMT, 공정거래, M&A, 국제통상, 조세... 아울러 사업추진 단계별로 법률 리스크 맵을 설계해 선제적 위험 관리를 바탕으로 사업 기간 단축과 안정성을 동시에... "
2026-09-28,네이버뉴스,율촌 '메가프로젝트 전략지원센터' 발족…사업 전 생애주기 관리,https://www.edaily.co.kr/News/Read?newsId=02499366645584712&mediaCodeNo=257&utm_source=naver&utm_medium=referral&utm_campaign=news_syndication&utm_content=original_article,"단일 센터를 중심으로 기업금융(C&F), 부동산·건설, 환경·에너지, IP&테크, 기술·미디어·통신(TMT), 공정거래... 또 사업추진 단계별로 법률 리스크 맵을 설계해 선제적 위험 관리를 바탕으로 사업 기간 단축과 안정성을... "
2026-09-28,네이버뉴스,"법무법인 율촌, ‘메가프로젝트 전략지원센터’ 출범…첨단산업 통합자...",https://biz.chosun.com/topics/law_firm/2026/09/28/U6VLLRUY6VFN7CV77VWFZDI2AM/?utm_source=naver&utm_medium=original&utm_campaign=biz,"법률 리스크를 점검해 사업 지연 가능성을 줄이겠다는 취지다. 율촌은 센터를 ‘One Center–Multi Practice Group’ 방식으로 운영한다. 기업금융(C&F), 부동산·건설, 환경·에너지, 지식재산권(IP)·기술, TMT, 공정거래, 인수합병... "
2026-09-28,네이버뉴스,한달 만에 다시 꺾인 기업 심리…10월 BSI 98.6 기록하며 부정 전환,https://www.pointe.co.kr/news/articleView.html?idxno=85210,"침체된 건설업은 금융비용 압박을 이기지 못하고 여전히 부진을 면치 못했다. 수출 꺾이고 내수 웃은 명암... 이상호 한경협 경제본부장은 ""중동발 지정학적 리스크에 따른 원자재 가격 불안과 글로벌 금리 인상... "
2026-09-28,네이버뉴스,"SK하이닉스 美 공장·솔리다임 IPO '촉각'…대신證 ""장기적으로 득이 더...",https://www.newsworks.co.kr/news/articleView.html?idxno=854881,현지의 건설 경기와 공장 구축에 필요한 절차 등을 고려할 필요가 있다는 설명이다. 오히려 해외 생산기지 투자가 미국의 관세 리스크를 낮추는 요인으로 작용할 수 있다는 점에 주목했다. 관세 관련 불확실성이 해소될... 
2026-09-28,네이버뉴스,"'AI 속도조절론' 무너지나...30만전자·200만닉스, 이번 주 뚫릴까",https://www.job-post.co.kr/news/articleView.html?idxno=229219,데이터센터 건설과 투자계획이 실제로 광범위하게 취소됐다는 사례는 없다고 설명했다. 추석 연휴 이후... 고금리 장기화 우려와 중동 지정학적 리스크가 증시에 부담으로 작용하고 있지만 인공지능(AI) 산업의... 
2026-09-28,네이버뉴스,금시세(금값),https://www.bntnews.co.kr/article/view/bnt202609270083,중동 지역의 지정학적 리스크와 국제유가 변동성도 금융시장의 불확실성을 가중했다. 중동의 군사적... 미국 측은 앞서 중재자를 통한 대화를 긍정적이고 건설적이라고 평가했다. 반면 월스트리트저널은 트럼프... 
2026-09-28,네이버뉴스,솔리다임 200조 몸값…SK하닉의 셈법,http://www.hansbiz.co.kr/news/articleView.html?idxno=868249,로이터는 이달 초 솔리다임이 미국에 낸드플래시 생산공장을 건설하는 방안을 검토하고 있으며 뉴욕주... 공급망 리스크를 낮추는 효과도 기대할 수 있다. 상장을 통해 솔리다임 자체 기업가치를 시장에서 별도로... 
2026-09-28,네이버뉴스,"구리시, 공사장 CCTV 실시간 연계로 재난안전 모니터링 강화",http://www.queen.co.kr/news/articleView.html?idxno=463958,"운영 효과와 현장 여건을 검토한 뒤 안전사고 위험이 큰 공공 건설 공사장으로 실시간 모니터링 시스템을 단계적으로 확대할 계획이다. 신동화 구리시장은 ""시민 안전은 무엇과도 바꿀 수 없으며 안전사고는 철저한 예방과... "
2026-09-28,네이버뉴스,"서명일 창원시의원 ""주차장 벽면에 '수직 주차선' 도입을""",http://www.gndomin.com/news/articleView.html?idxno=490963,"등 안전사고 예방에도 크게 기여할 것으로 기대된다. 서 의원은 ""주차장은 누구나 매일 이용하는 생활... 생활 안전을 최우선으로 살펴 실질적인 변화를 끌어내는 의정활동을 이어가겠다""고 말했다. 한편, 조례안은 건설해... "
2026-09-28,네이버뉴스,국감 앞둔 건설업계 긴장감 '뚝'…주택공급 최대 화두에 CEO 소환 줄어드...,https://www.thepublic.kr/news/articleView.html?idxno=320289,지난 7월 평택~오송 복선화 건설현장에서는 협력업체 소속 근로자가 숨지는 사고도 발생했다. 건설업계에서는 올해 국감의 무게중심이 주택공급 정책으로 이동하더라도 안전과 품질 문제가 반복된 사업장은 별도의 검증... 
2026-09-28,네이버뉴스,"구리시, 건설 공사장 CCTV 실시간 모니터링 가동",https://www.m-i.kr/news/articleView.html?idxno=1418659,사진=구리시 매일일보 = 김동환 기자  |  구리시가 건설 공사장 화재와 안전사고 예방을 위해 CCTV 상시 모니터링 시스템을 가동한다. 구리시는 건설 공사장 CCTV를 재난안전상황실과 실시간으로 연계하는 상시 모니터링... 
2026-09-28,네이버뉴스,"해수부, 항만 건설현장 등 특별 관리 대상 현장점검 실시",https://www.klnews.co.kr/news/articleView.html?idxno=322878,"해양수산부(장관 황종우)는 해양수산 건설공사 특별관리 대상 사업에 대한 품질 확보와 안전사고 예방을 위해 28일부터 10월 30일까지 집중 현장점검을 실시한다. 해양수산부는 매년 항만, 시공, 안전 분야 등의 민간 외부... "
2026-09-28,네이버뉴스,"천안시, 지역 내 공동주택 감리업무 수행실태 합동점검 실시",http://www.gocj.net/news/articleView.html?idxno=152815,"천안시 관계자는 ""건설현장의 감리업무가 원칙대로 적정하게 이뤄지는지 면밀히 점검하겠다""며 ""부실시공과 안전사고를 사전에 차단하고 시민들이 신뢰할 수 있는 쾌적한 주거환경을 조성하는 데 최선을 다하겠다""고... "
2026-09-28,네이버뉴스,"구리시 ""건설공사장 내 안전사고, CCTV 감시로 원천차단""",https://www.asiatoday.co.kr/kn/view.php?key=20260928010009774,아시아투데이 구성서 기자 = 경기 구리시가 시민의 생명과 안전을 위협하는 건설 공사장 화재 및 안전사고를 원천 차단하기 위한 본격적인 움직임을 시작했다. 구리시는 재난 상황에 더 빠르고 촘촘하게 대처하기 위해... 
2026-09-28,네이버뉴스,"구리시, 건설 현장 CCTV 상시 모니터링",https://www.yna.co.kr/view/AKR20260928133400060?input=1195m,"경기 구리시는 건설 공사장 폐쇄회로(CC)TV 상시 모니터링 시스템을 가동한다고 28일 밝혔다. 갈매커뮤니티... 재난상황실은 이를 통해 공사장 내 화재 징후, 시설물 이상·안전사고 등 모든 위험 요인을 살핀다. 이상... "
2026-09-28,네이버뉴스,"구리시, 건설 공사장 CCTV 실시간 모니터링 체계 구축",https://www.newspim.com/news/view/20260928000790,"[사진=구리시] 구리시는 이번 시범 운영 결과를 분석해 시스템의 미비점을 보완한 뒤 안전사고 위험이 큰 공공 건설 공사장으로 실시간 모니터링을 단계적으로 확대할 방침이다. 신동화 구리시장은 ""시민의 안전은... "
2026-09-28,네이버뉴스,"신동화 구리시장 ""공사장 CCTV 상시 모니터링…촘촘한 재난안전망 구축...",https://gg.newdaily.co.kr/site/data/html/2026/09/28/2026092800261.html,뉴데일리 엄인용 기자 = 신동화 구리시장은 건설 공사장 화재 및 안전사고를 원천 차단하는 강력한 선제 대응 체계를 구축하는 계획을 수립하고 '건설 공사장 CCTV 상시 모니터링 시스템'을 본격적으로 가동한다고 28일... 
2026-09-28,네이버뉴스,"'도로 위 축제' 강남페스티벌, 도산대로로…K팝·패션·푸드 한자리에",https://news.tf.co.kr/read/life/2370276.htm,"복합환승센터가 건설되고 GBC 공사가 본격화되는 등 기존 장소에서 축제를 개최하기 어려운 상황""이라고... 구는 축제 기간 시민 불편과 안전사고를 줄이기 위한 교통대책도 시행한다. 메인 행사장이 들어서는... "
2026-09-28,네이버뉴스,"구리시, 건설현장 CCTV 실시간 관제…안전사고 예방 강화",https://www.shinailbo.co.kr/news/articleView.html?idxno=5066497,경기 구리시가 건설 현장의 화재와 안전사고를 조기에 발견하기 위해 공사장 CCTV를 재난안전상황실과 연계한 실시간 관제에 나선다. 28일 구리시에 따르면 시는 갈매커뮤니티 복합센터 건립 공사장을 시작으로 '건설... 
2026-09-28,네이버뉴스,"구리시, 건설 현장 CCTV 상시 모니터링으로 안전사고 차단",https://www.kyeonggi.com/article/20260928580418,구리시가 대형 건설 현장의 화재 및 안전사고를 사전에 차단하기 위해 실시간 상시 관제 시스템을 운영한다. 시는 안전사고 사각지대를 해소하고 재난 발생 시 초동 대응력을 강화하고자 ‘건설 공사장 CCTV 상시... 
2026-09-28,네이버뉴스,"[위클리오늘] 민경선 고양시장, 추미애 도지사·김성회 국회의원과 창릉...",http://www.weeklytoday.com/news/articleView.html?idxno=796066,"이날 참석자들은 창릉지구 첫마을 건설 현장과 사업지구 내 오염토 정화작업 현장을 차례로 방문해 공사 및... 한국가스안전공사는 현장 사고 대응과 원인 분석, 독성가스 중화처리(산업가스안전기술지원센터)를... "
2026-09-28,네이버뉴스,"구리시, 공사장 CCTV·재난상황실 연계…안전사고 제로화 추진",https://www.cstimes.com/news/articleView.html?idxno=722092,구리시 재난안전상황실 컨슈머타임스=김동역 기자 | 구리시가 건설 공사장의 화재와 안전사고를 예방하고 재난 상황에 신속히 대처하기 위해 '건설 공사장 CCTV 상시 모니터링 시스템'을 가동한다. 이번 조치는... 
2026-09-28,네이버뉴스,"구리시, '공사장 안전' CCTV 상시 모니터링 가동.. 갈매커뮤니티 복합센...",https://www.gukjenews.com/news/articleView.html?idxno=3707283,구리시가 건설 공사장 내 화재와 안전사고를 예방하기 위한 선제적 대응 체계 마련에 나섰다. 구리시는 재난안전상황실을 중심으로 건설 공사장 CCTV 상시 모니터링 시스템을 본격적으로 운영한다고 밝혔다. 이번... 
2026-09-28,네이버뉴스,"구리시, 공사 현장 CCTV 실시간 모니터링…시민 안전 확보",https://www.edaily.co.kr/News/Read?newsId=03286566645584712&mediaCodeNo=257&utm_source=naver&utm_medium=referral&utm_campaign=news_syndication&utm_content=original_article,시는 시스팀 운영 결과를 면밀히 분석해 현장의 미비점을 보완하고 향후 안전사고 위험이 큰 모든 공공 건설 공사장으로 실시간 모니터링 시스템을 전면 확대하기로 했다. 신동화 시장은 “현장 중심의 촘촘한 안전관리... 
2026-09-28,네이버뉴스,"신동화 구리시장 ""시민의 안전은 무엇과도 바꿀 수 없으며, 안전사고는...",https://www.cnbnews.com/news/articleView.html?idxno=1017248,"구리시는 '건설 공사장 CCTV 상시 모니터링 시스템'을 본격적으로 가동한다. 이를 통해 구리시 재난안전상황실은 공사장 내 화재 징후, 시설물 이상 및 안전사고 등 모든 위험 요인을 실시간으로 조기... "
2026-09-28,네이버뉴스,"구리시, 건설 공사장 CCTV 재난안전상황실 연계...24시간 위험 감시",https://www.kmaeil.com/news/articleView.html?idxno=652907,시가 운영 결과를 분석해 미비점을 보완한 뒤 안전사고 위험이 큰 공공 건설 공사장으로 확대할 계획인 만큼 초기 운영 과정에서 위험 감지와 상황 전파가 현장 대응으로 얼마나 원활하게 이어지는지가 향후 적용 범위를... 
2026-09-28,네이버뉴스,"구리시, 공사장 CCTV 상시 모니터링… “선제적 재난안전망 구축”",https://www.kgnews.co.kr/news/article.html?no=913170,갈매커뮤니티 복합센터 시작으로 관내 공공 건설 공사장 확대 재난안전상황실 실시간 연계… 화재·안전사고 조기 포착 대응 구리시가 건설 공사장 내 화재 및 안전사고 예방을 위해 '건설 공사장 CCTV 상시 모니터링... 
2026-09-28,네이버뉴스,"구리시, 공사장 CCTV 상시 모니터링으로 ‘안전사고 제로화’ 총력",https://view.asiae.co.kr/article/2026092814490443633,"구리시는 이번 시범 운영 결과를 면밀히 분석해 미비점을 보완한 후 안전사고 위험도가 높은 관내 모든 공공 건설 공사장으로 실시간 모니터링을 전면 확대 적용할 방침이다. 신동화 구리시장은 ""시민의 안전은 무엇과도... "
2026-09-28,네이버뉴스,"[위클리오늘] 구리시, 통합돌봄 연계 대상자 맞춤형 방문 건강관리 추진",http://www.weeklytoday.com/news/articleView.html?idxno=796044,"구리시, ""시민 안전이 최우선""… 공사장 CCTV 상시 모니터링으로 촘촘한 재난안전망 구축 구리시 재난안전상황실 구리시(시장 신동화)가 시민의 생명과 안전을 지키기 위해 건설 공사장 화재 및 안전사고를 원천 차단하는... "
2026-09-28,네이버뉴스,[재생에너지 뒷단을 보다] “비 올때마다 산사태 불안”…경사지에 지어...,https://www.nongmin.com/article/20260922500156,"윤찬영 강릉원주대학교 건설환경공학부 교수는 “최근 국지성 집중호우처럼 과거와 다른 강우 양상이... 기후부 에너지안전효율과 관계자는 “임야 태양광 설치 기준, 인허가 절차 등이 과거보다 강화됐고 안전 사고도... "
2026-09-28,네이버뉴스,"천안시, 관내 공동주택 감리업무 수행실태 합동점검 실시",https://www.ggilbo.com/news/articleView.html?idxno=1183888,"유경상 공동주택과장은 ""건설현장의 감리업무가 원칙대로 적정하게 이뤄지는지 면밀히 점검하겠다""며 ""부실시공과 안전사고를 사전에 차단하고 시민들이 신뢰할 수 있는 쾌적한 주거환경을 조성하는 데 최선을 다하겠다... "
2026-09-28,네이버뉴스,천안 공동주택 건설현장 22곳 '감리 실태' 전방위 점검,https://www.ccdn.co.kr/news/articleView.html?idxno=1101979,충남 천안시가 공동주택 부실시공과 건설현장 안전사고를 사전에 차단하기 위해 관내 주택건설현장 22곳을 대상으로 감리업무 수행실태를 집중 점검한다. 특히 공무원 중심의 행정 점검에서 벗어나 민간 건축전문가가... 
2026-09-28,네이버뉴스,안전모만 쓰면 끝?…다음 달 1000곳서 ‘이것’까지 단속,https://biz.sbs.co.kr/article_hub/20000336992?division=NAVER,"안전띠를 실제 제대로 착용했는지도 점검 대상입니다. 이동식 사다리를 사용하는 과정에서 추락 등 사고를... 김영훈 고용노동부 장관은 안전모와 안전대, 건설기계 안전띠 착용은 노동자의 생명과 직결되는 가장... "
2026-09-28,네이버뉴스,"천안시, 아파트 건설현장 22곳 대상 민관합동 감리 실태 집중점검",https://www.newsworker.co.kr/news/articleView.html?idxno=506038,천안시는 신축 아파트 등 공동주택의 시공 품질을 획기적으로 향상하고 건설 현장의 안전사고를 미연에 방지하기 위해 28일 관내 주택건설현장 22곳을 대상으로 감리업무 수행실태 민관 합동점검을 추진한다고 밝혔다.... 
2026-09-28,네이버뉴스,"박해철 의원, 외국인 노동자 중대재해 분석...경기 외국인 산재 사망 34...",https://www.kmaeil.com/news/articleView.html?idxno=652872,"추락·깔림·끼임이 사망사고의 70% 이상을 차지한 만큼 작업 전 위험요인 확인과 방호시설, 안전장비, 작업절차 전달 등이 실제 현장에서 제대로 이행되는지가 주요 점검 대상이 될 수 있다. 업종별로는 건설업... "
2026-09-28,네이버뉴스,평창군 겨울철 도로 280.75㎞ 관리 시작,https://www.newsis.com/view/NISX20260928_0003805036,"기상 상황과 도로 여건에 따라 현장 대응을 탄력적으로 조정해 강설과 결빙으로 인한 안전사고를 예방하고 주민들의 원활한 통행을 지원할 계획이다. 오현웅 건설과장은 ""폭설과 결빙에 신속히 대응할 수 있도록... "
2026-09-28,네이버뉴스,"천안시, 공동주택 건설현장 22곳 감리실태 점검…부실시공 차단",http://www.sisanews24.co.kr/19519,유경상 천안시 공동주택과장은 “건설현장의 감리업무가 원칙대로 적정하게 이뤄지는지 면밀히 점검하겠다”며 “부실시공과 안전사고를 사전에 차단하고 시민들이 신뢰할 수 있는 쾌적한 주거환경을 조성하는 데... 
2026-09-28,네이버뉴스,천안시 아파트 건설현장 22곳 '감리 제대로 하나'…민관 합동점검,https://www.newsfreezone.co.kr/news/articleView.html?idxno=711149,건설현장의 안전사고 예방을 위한 관리가 제대로 이뤄지고 있는지 확인해 위험요인을 사전에 차단한다는 방침이다. 감리업무의 흔적을 확인할 수 있는 감리일지 등 각종 기록의 비치·관리 여부도 점검한다. 감리업무가... 
2026-09-28,네이버뉴스,"스마트제어 기술로 진화한 드론, 건설산업의 지능형 시대 앞당긴다",http://www.engjournal.co.kr/news/articleView.html?idxno=3982,"건설 현장에 드론을 통한 원격 기술이 도입되면서 인력 접근이 불가능하거나 위험한 사각지대를 지상... 같은 안전사고 위험에 직면하게 된다. 특히 비행 이력, 배터리 소모량, 분할 촬영 코스 등을 체계적으로 통제해 주는... "
2026-09-28,네이버뉴스,"하이오 '자동진동 제설이 가능한 스마트 막구조물', 조달청 우수제품 지...",https://www.dnews.co.kr/uhtml/view.jsp?idxno=202609221302244620141,"막구조물 분야에서 적설 재난 및 안전사고 예방 기술을 중심으로 조달청 우수제품 지정은 드문 사례로, 이번... 한국건설생활환경시험연구원(KCL)을 통해 ▲풍하중 내력시험 ▲적설 및 모래 하중 제거 성능시험 ▲영하 40... "
2026-09-28,네이버뉴스,"천안시, 공동주택 22곳 감리 실태 점검. 부실시공 예방",https://www.gukjenews.com/news/articleView.html?idxno=3706664,"점검반은 현장에 배치된 감리원의 자격과 상주 여부를 비롯해 공사 진행 과정의 시공 상태, 건설자재 품질관리, 안전사고 예방조치 등을 살펴볼 예정이다. 감리업무와 관련한 각종 기록이 제대로 작성·관리되고 있는지도... "
2026-09-28,네이버뉴스,"천안시, 공동주택 감리업무 민·관 합동점검…내달 12일부터",https://www.newsis.com/view/NISX20260928_0003804743,"시 관계자는 ""건설현장의 감리업무가 원칙대로 적정하게 이뤄지는지 면밀히 점검하겠다""며 ""부실시공과 안전사고를 사전에 차단하고 시민들이 신뢰할 수 있는 쾌적한 주거환경을 조성하는 데 최선을 다하겠다""고 말했다."
2026-09-28,네이버뉴스,"김재원 세종도시교통공사 처장, 기술사 이어 산업안전지도사까지 '2관왕...",https://www.jbnews.com/news/articleView.html?idxno=1512412,"건설현장의 안전 문제가 사회적 화두로 떠오르고 중대재해 예방의 중요성이 커지는 가운데, 시공 역량(기술사)과 재해 예방 역량(지도사)을 겸비한 김 처장은 공사의 체질 개선에 걸맞은 핵심 인재로 평가받고 있다.... "
2026-09-28,네이버뉴스,"세종도시교통공사 김재원 개발사업처장, 산업안전지도사 시험 최종 합격",https://www.m-i.kr/news/articleView.html?idxno=1418572,건설현장의 안전 문제가 사회적 주요 과제로 부각되고 중대재해 예방과 안전경영의 중요성이 커지면서 김 처장은 안전 분야 전문성도 지속적으로 강화해 왔다. 세종도시교통공사는 공공시설복합단지 도시개발사업을... 
2026-09-28,네이버뉴스,"이주노동자 덮친 '후진국형' 죽음의 덫...추락·깔림·끼임사가 73%, 경북...",https://www.pn.or.kr/news/articleView.html?idxno=34151,최근 국내 노동 현장에서 이주노동자들의 중대재해 사망 사고가 끊이지 않고 있다. 이들의 사망 원인 절반... 업종별로는 고소 작업 등 위험도가 높은 '건설업'에서 44명(43.1%)이 사망해 전체 업종 중 가장 높은 비율을... 
2026-09-28,네이버뉴스,"강동구, 내달까지 용역 사업장 494곳 위험성평가",https://www.siminilbo.co.kr/news/newsview.php?ncode=1160281564057078,"한편 구는 안전교육과 공공시설 점검을 중심으로 중대재해 예방 활동을 이어가고 있다. 삼성엔지니어링과 협약을 맺고 구 직원과 건설업 종사자, 주민에게 건설·생활안전 체험교육을 제공했으며, 올해는 시설관리... "
2026-09-28,네이버뉴스,"[로펌 브리핑] 율촌, ‘건설부동산 아카데미’ 개최",https://www.dnews.co.kr/uhtml/view.jsp?idxno=202609281656268340618,"세션별 주제는 중재 절차의 활용 방안부터 건설분쟁의 기본 구조와 설계변경, 물가변동, 간접비, 돌관공사, 턴키계약 등 건설클레임 이슈는 물론, 공사 중단ㆍ정지에 따른 법률관계, 중대재해를 비롯한 건설 형사 이슈... "
2026-09-28,네이버뉴스,"가스공사, ‘안전 최우선’ 경영방침 선포",http://mcnews.co.kr/86714,매일건설신문=조영관 기자 | 홍의락 한국가스공사 사장이 ‘AI Native Energy Company’ 구상을 바탕으로 5대... 근로자까지 모두가 안전의 주체가 되어 중대재해 없는 안전한 일터를 만드는 데 최선을 다하겠다”고 말했다.
2026-09-28,네이버뉴스,"안전모 쓰고 안전대 걸었나…노동부, 전국 1000개 사업장 불시점검",https://www.dailian.co.kr/news/view/1695113/?sc=Naver,최근에도 기본 안전수칙을 지키지 않아 발생한 중대재해가 잇따랐다. 7월 13일 충북 음성군 주택 리모델링... 서울 강서구 건설공사 현장에서도 6월 22일 이동식 사다리에서 배수밸브를 설치하던 노동자가 추락해 치료 중... 
2026-09-28,네이버뉴스,"김재원 세종도시교통공사 처장, 산업안전지도사 최종 합격",https://weekly.hankooki.com/news/articleView.html?idxno=7186081,김재원 처장은 건설현장의 안전 문제가 사회적으로 주목받고 중대재해 예방과 안전경영의 중요성이 높아지는 상황에서 안전 분야 전문성을 지속적으로 강화해 왔다. 이번 자격 취득으로 공사가 추진하는 개발사업의... 
2026-09-28,네이버뉴스,"가을철 산재 1위는 ‘낙상’…노동부, 3+1 기초 안전수칙·추락주의보 동...",https://www.mediapen.com/news/view/1126303,"가을철 야외 작업과 건설·보수 공사가 늘어나면서 산업재해 위험이 커짐에 따라, 정부가 전국 사업장을... 있었던 중대재해가 잇따랐다. 노동부는 본 점검에 앞서 오는 28일부터 10월 2일까지 자율점검 기간을 운영해... "
2026-09-28,네이버뉴스,"세종도시교통공사 김재원 처장, 산업안전지도사 최종 합격",http://www.ccnnews.co.kr/news/articleView.html?idxno=415465,"최근 건설 현장의 안전 문제가 국가적·사회적 과제로 떠오르고, 중대재해 처벌법 시행 등 안전경영의 중요성이 그 어느 때보다 무겁게 다가왔기 때문이다. 2018년 토목시공기술사를 취득한 이후 개발사업 분야에서 시공... "
2026-09-28,네이버뉴스,안전모·안전대·안전띠에 '사다리'까지… 전국 1000곳 집중점검,https://www.safetynews.co.kr/news/articleView.html?idxno=250742,"지난 4월 공개한 중대재해 고위험요인 분석에서도 제조·기타 업종은 지게차와 사다리 등이 주요 사고 기인물로, 건설업은 비계와 고소작업대, 파손되기 쉬운 지붕재와 사다리 등이 주요 위험요인으로 확인됐다. 이번에는... "
2026-09-28,네이버뉴스,법 위반 예방을 위한 원하청간 자율적인 분쟁 해결 중요,https://www.kmecnews.co.kr/news/articleView.html?idxno=52022,"하도급대금을 지급하지 않은 건설사들에 대해 직권조사를 실시했고, 조사 개시 1개월 내에 대금 및 지연이자... 한편, 산업 재해로 인해 사망사고가 증가함에 따라 직권조사를 실시해 산업안전 및 산업재해 발생 시 비용을... "
2026-09-28,네이버뉴스,현장 안전까지 품은 김재원 처장의 전문자격,https://www.ccdailynews.com/news/articleView.html?idxno=2443178,"건설현장의 안전은 설계와 시공, 품질관리 전 과정에서 함께 다뤄져야 할 핵심 과제다. ▲ 김재원... 김 처장은 개발사업 분야에서 시공·품질·공정관리 경험을 쌓아온 데 이어 중대재해 예방과 안전경영의 중요성이... "
2026-09-28,네이버뉴스,[천안소식] '한국·몽골 청소년 예술 페스타' 개최 외,https://daily.hankooki.com/news/articleView.html?idxno=1409790,"시공 상태와 자재 품질관리, 재해 예방 및 안전관리 실태도 점검한다. 감리일지 등 관련 기록의 비치·관리 여부도 함께 살펴볼 예정이다. 경미한 지적사항은 현장에서 즉시 시정하도록 지도한다. 중대한 감리 소홀이나... "
2026-09-28,네이버뉴스,[9월 독자위원회] 지역 현안 폭넓은 보도 긍정… 교육 정책 현장 목소리...,https://www.knnews.co.kr/news/articleView.php?idxno=1551699,"각종 재난 대응 연속 보도 기대 ◇남경 위원(㈜태산종합건설 대표) 최근 집중호우로 경남 곳곳에서... 이재명 대통령은 취임 초부터 산업현장 중대재해 근절 의지를 표명했고, 김영훈 노동부 장관에게도 중대재해 근절을... "
2026-09-28,네이버뉴스,"[이지환 칼럼] 의무공개매수제 부활, ‘경영권 시장’ 위축 경계해야",https://www.dt.co.kr/article/12086240?ref=naver,기업이 건설적인 구조 재편을 거듭해 본질적인 기업가치를 높이고 이를 통해 자본차익과 배당금이라는 높은... 세우는 규제가 되어서는 안 된다. 소액주주 보호 강화와 M&A 생태계 활성화라는 두 마리 토끼를 모두 잡을 수... 
2026-09-28,네이버뉴스,"대기업, 하반기 ‘채용문’ 넓어졌다",https://www.asiatime.co.kr/article/20260928500422,"고무적”이라면서도 “내수 및 건설 등 일부 업종의 고용 여건이 여전히 얼어붙어 있는 만큼, 통합고용세액공제 확대와 선제적 규제 완화를 통해 기업의 고용 창출 여력을 뒷받침해야 한다”고 제언했다. /이하영 기자"
2026-09-28,네이버뉴스,[중국증시-마감] AI·반도체주 급락에 상하이 1%대↓·선전 3%대↓,https://news.einfomax.co.kr/news/articleView.html?idxno=4436747,"기술 규제가 외교와는 별개로 진행되고 있음을 보여준다""고 평가했다. 중국이 자국 기업들의 엔비디아... 반면, 중국공상은행과 중국건설은행 등 주요 국유 은행주에는 매수세가 유입됐다. 중국석유천연가스공사... "
2026-09-28,네이버뉴스,"호반그룹, 화진포 국제휴양관광지 개발 본격화…6800억원 투자",https://www.asiatime.co.kr/article/20260928500362,"환경·문화재 규제, 민간사업자 경영난 등으로 장기간 표류해왔다. 2010년 리솜리조트가 개발에 참여했지만 경영난으로 사업이 중단됐고 2018년 호반건설의 리솜리조트 인수 이후 재추진됐다. 이후 핵심 선결과제였던... "
2026-09-28,네이버뉴스,"솔리다임 美 상장설, SK하이닉스 발목 잡는 이유는",https://www.mydaily.co.kr/page/view/2026092816210003660,"솔리다임은 미국 내 낸드 생산시설 건설을 검토 중이며, 뉴욕주 북부가 후보지로 거론된다. 미국 생산거점은 중국 다롄 공장 의존도를 낮추고 관세 및 대중국 반도체 장비 규제 위험을 분산하는 효과가 있다.... "
2026-09-28,네이버뉴스,[기자수첩] 서울 부동산은 평탄화 아닌 '고원화'···공급부족 원인 아...,https://www.sisajournal-e.com/news/articleView.html?idxno=423986,그래서 건설회사들이 집을 많이 짓도록 규제를 풀고 인허가를 풀어야 집값을 잡을 수 있다는 내용이다. 그 전문가들 말대로라면 지금 강남 3구는 공급이 넘쳐나서 가격이 떨어지고 있는 것인가? 그런데 서울 외곽 지역에는... 
2026-09-28,네이버뉴스,"DSRV, 스테이블코인 무역대금 수취 제도 촉구",https://www.straightnews.co.kr/news/articleView.html?idxno=312077,"디지털자산 기본법 제정을 기다리기보다 규제 샌드박스 등을 활용해 현실적인 해결책을 찾아야 한다는... 찾는 건설적인 논의에 의견을 더하겠다""고 덧붙였다. ◇ 한화투자증권, 온체인 금융의 고객 효용·안정성 강조... "
2026-09-28,네이버뉴스,"전주상의, 창립 91주년 맞아 기업 성장·지역 발전 의지 다져",http://www.jeollailbo.com/news/articleView.html?idxno=812249,"전주시장 표창은 (주)성웅종합건설 박영자 대표이사, 지디기획 김원균 대표, 유진조경(주) 홍유진... 이에 지역 기업의 발전을 위해 현장 방문을 통한 기업애로 발굴, 규제·제도 개선 건의 등의 활동을 이어왔다. 김정태... "
2026-09-28,네이버뉴스,창업지원 받고 끝?…청창사 16년이 던진 ‘창업 이후’의 질문,https://www.venturesquare.net/1116464/,"투자유치, 규제 대응 과정에서 같은 문제를 먼저 경험한 창업가의 시행착오와 해결... 있는 건설적인 논의와 대응을 온오프라인에서 지속 이어갈 것”이라고 밝혔다. * 스타트업... "
2026-09-28,네이버뉴스,“5년 내 2번 담합땐 시장 퇴출”…더 날카로워진 공정위 칼날,https://www.sedaily.com/article/20095649?ref=naver,현재는 건설사와 공인중개사가 각각 건설산업기본법과 공인중개사법에 따라 일정 기간 이내에 담합이 2번... 재계에서는 기업의 규제 대응 부담이 지나치게 커질 수 있다는 우려의 목소리도 나온다. 특히 지분이나... 
2026-09-28,네이버뉴스,JT저축은행 대출 2조벽 넘는다…리밸런싱 효과에 흑자 굳히기,https://www.bloter.net/news/articleView.html?idxno=674546,리밸런싱 초기 건설 경기가 냉각되며 일시적으로 자산 성장이 주춤했지만 최근 들어 회복세를 보이고... 가계대출의 경우 당국 규제 등의 여파로 성장성이 제한될 수 있는 만큼 기업대출을 필두로 한 성장 전략이... 
2026-09-28,네이버뉴스,美 ESS 7년내 1TWh 간다… K-배터리 기회 잡을까?,http://www.the-biz.co.kr/news/articleView.html?idxno=728455,ESS를 활용하면 비싼 발전소를 추가로 건설하거나 전력망을 확충하는 데 드는 비용을 줄일 수 있기... 현지 생산을 통해 물류비를 절감하고 미국의 배터리 공급망 관련 규제와 고객사의 현지 조달 요구에 대응할 수... 
2026-09-28,네이버뉴스,"한화솔루션, 美 태양광 생산 확대에 실적 개선 기대…에너지 사업도 확...",http://www.metroseoul.co.kr/article/20260928500519,"데이터센터 건설과 제조업 확대로 전력 소비가 늘면서 태양광 발전도 확대되고 있다. 미국 에너지정보청(EIA)은 태양광 발전량이 올해 21%, 내년 18% 증가할 것으로 내다봤다. 발전 확대가 예상되는 가운데 수입 규제... "
2026-09-28,네이버뉴스,"[시장추적] 모두 북미 LFP-ESS시장 옮겨타는데, 에코프로비엠만 여전히...",https://www.moneystorm.kr/news/articleView.html?idxno=6817,반면 SK온과 삼성SDI는 뒤늦게 이 시장의 중요성을 알아차리고 북미 ESS공장 건설 등에 박차를 가하고 있다.... 미국의 무역규제에 대응하기 위한 비중국산 핵심소재 공급망으로 포스코퓨처엠 LFP 양극재를 선택한... 
2026-09-28,네이버뉴스,"[증권UP+] 금투업계, AI 금융부터 탄소배출권·ETF까지 사업 다각화",https://www.smartbizn.com/news/articleView.html?idxno=154973,"한국금융지주 자회사인 한국투자증권은 오는 30일 서울 여의도 본사에서 기관투자가와 건설사... 시장 인텔리전스에서는 업종별 동향과 규제, 전망 등을 종합한 분석 보고서를 확인할 수 있으며, 주요 키워드의... "
2026-09-28,네이버뉴스,"(반도체벨트 주거 미스매치)①""집은 남는데 방이 없다""…마피 아파트 옆...",http://www.newstomato.com/ReadNews.aspx?no=1314941&inflow=N,"한쪽에서는 대출 규제와 고분양가 여파로 마이너스 프리미엄과 계약 해지가 속출하며 '불 꺼진 아파트'가... 아파트에 건설 인력이 두세 명, 많게는 네다섯 명씩 함께 살고, 그 영향이 안성과 용인까지 번졌다""고... "
2026-09-28,네이버뉴스,출범 100일 앞둔 위성곤 도정 민생경제 활성화 총력,https://www.jejumaeil.net/news/articleView.html?idxno=405056,"개선과 규제 특례""도 강조했다. 이와 함께 체감경기 회복과 지역 내 소비 확산을 위해 지역제품 구매 확대와... 건설 분야에서는 소규모 공공공사를 앞당겨 발주해 지역 건설경기를 뒷받침한다. 도는 올해 하반기 452억원... "
2026-09-28,네이버뉴스,제조업 4분기 전망 소폭 좋아져…반도체만 역대 최고 호황,https://www.econovill.com/news/articleView.html?idxno=752040,"지난 분기 가장 부진했던 비금속광물(88)은 여름철 건설 수요 감소에서 벗어나 가을 성수기에 들어서고... 1%), '규제·인허가 등 제도'(1.3%) 순이었다. 강민재 대한상의 경제정책팀장은 ""일부 주력 업종의 호조와 수출... "
2026-09-28,네이버뉴스,"경북 포항 제조업 4분기 경기전망 ‘먹구름’…BSI 60, 전분기보다 4p 하...",https://www.pressian.com/pages/articles/2026092815391454994?utm_source=naver&utm_medium=search,장기간 이어진 건설경기 침체와 제조업 전반의 수요 둔화로 내수 판매가 부진한 데다 미국의 철강 관세와 유럽연합(EU)의 수입 규제 강화 등이 수출 여건에 부담으로 작용한 것으로 조사됐다. 반면 화학업 BSI는 82로... 
2026-09-28,네이버뉴스,"전주상의, 창립 91주년 기념식…'새 100년' 다짐",http://www.jeonmin.co.kr/news/articleView.html?idxno=447687,"전주시장 표창은 (주)성웅종합건설 박영자 대표이사, 지디기획 김원균 대표, 유진조경(주) 홍유진 대표이사가... 이후 회원기업 현장방문, 기업 애로 발굴, 규제·제도 개선 건의 등 현장 중심의 기업지원 활동을 강화해... "
2026-09-28,네이버뉴스,"""인류 99% 사망할 수도""…AI 종말론에 빠진 개발자들 줄사표",https://www.newsis.com/view/NISX20260928_0003805300,대피소를 건설하는 방안을 메모에 담기도 했다. 최근에는 AI 에이전트의 해킹 사건도 우려를 키웠다. 위험... 한편 트럼프 대통령의 일부 지지자들은 콕슨의 사임이 AI 규제를 추진하기 위한 EA 진영의 음모라고... 
2026-09-28,네이버뉴스,"충남환경연합, 박수현 지사 'AI 수도 충남' 제동",https://www.seoulfn.com/news/articleView.html?idxno=638800,"이들은 미국 뉴욕주와 네덜란드, 싱가포르 등 해외 주요 국가들이 환경 부담과 전력망 과부하를 이유로 데이터센터 신규 건설 모라토리엄(유예)을 선언하거나 규제를 강화하는 추세임을 강조했다. 해외에서 규제가... "
2026-09-28,네이버뉴스,"장흥 유치 주민들 ""수몰·규제 감내한 수원지 주민들에 정당한 보상 이...",https://www.pressian.com/pages/articles/2026092815030596646?utm_source=naver&utm_medium=search,장흥댐 건설로 수몰과 이주를 겪은 주민들이 수질 보전과 개발 제한까지 감내해 온 만큼 국가 첨단산업에... 주민들이 감내해 온 규제와 생활 불편에 상응해 생활 기반 시설을 확충하고 장흥댐의 물과 재생에너지를 활용한... 
2026-09-28,네이버뉴스,중국 디스플레이 패널 시장 동향,http://dream.kotra.or.kr/kotranews/cms/news/actionKotraBoardDetail.do?SITE_NO=3&MENU_ID=190&CONTENTS_NO=2&bbsGbn=254&bbsSn=254&pNttSn=243089,"혁신센터 건설 및 디스플레이 패널 소재·장비·단말 완제품을 아우르는 OLED 산업 클러스터 조성을... 제한) 규제를 준수하고 정확한 해관 신고(제품 용도, 사양 등 명확히 기재)를 이행해야 한다. 수입... "
2026-09-28,네이버뉴스,[김지수의 파워 인터뷰 | ‘화성에 도시를 세운다면’ 저자 잭·켈리 와...,https://economychosun.com/site/data/html_dir/2026/09/19/2026091900032.html,“관광과 위성 영역만 놓고 본다면 이들은 규제를 꽤 잘 받는 편이랍니다. 가끔 우주 카우보이처럼 호기로운... 다만 먼 미래에 우주 정착지에서는 소행성 원자재를 건설 자재로 쓸 수 있겠지요.”부동산 가치도... 
2026-09-28,네이버뉴스,"“AI로 10억명 죽을 수도”…트럼프, ‘속도조절론’ 아모데이와 담판",https://www.ekn.kr/web/view.php?key=20260928027489465,"시설들을 건설하고 있는데 왜 그것을 포기해야 하느냐""고 강조했다. 두 사람의 만남이 특히 주목받는 것은 AI가 초래할 수 있는 위험과 규제 필요성을 둘러싸고 그동안 정반대에 가까운 입장을 보여왔기 때문이다.... "
2026-09-28,네이버뉴스,내수 공장 줄이고 수출 공장 증설… ‘선택과 집중’ 나선 식품업계,https://biz.chosun.com/distribution/food/2026/09/28/LFFRU7BXH5AQXG4XN7EDGN75UQ/?utm_source=naver&utm_medium=original&utm_campaign=biz,"반면 삼양식품은 약 2000억원을 투자해 중국 저장성 자싱시에 첫 해외 공장을 건설 중이다. 내년 1월 완공... 식품 규제 및 인증, 짝퉁 K(케이)푸드 유통 등에 대해서도 사전 대비와 지원 확대를 병행할 계획”이라고... "
2026-09-28,네이버뉴스,서울 전세난 '도미노'…경기·인천까지 번졌다,http://www.inews24.com/view/2009462,"이은형 대한건설정책연구원 연구위원은 비거주 주택에 대한 규제와 다주택자 규제가 누적되면서 단기간에 전월세난을 해소하기는 어려울 것으로 내다봤다. 이 연구위원은 ""서울과 가까운 경기·인천지역부터 전세... "
2026-09-28,네이버뉴스,AI ‘가속 vs 감속’ 정면충돌…트럼프·앤스로픽 아모데이 첫 독대 [종...,https://www.etoday.co.kr/news/view/2629895,이투데이=변효선 기자 | 개발 속도·안전 규제 놓고 담판 도널드 트럼프 미국 대통령과 AI 안전론의... 우리가 선두를 달리고 있고 수조 달러 규모의 시설을 건설하고 있는데 왜 그것을 포기해야 하느냐”고 반문했다.... 
2026-09-28,네이버뉴스,"[재계 포커스] 태양광에서 반도체·배터리까지…이우현의 OCI, 다시 성장...",https://www.polinews.co.kr/news/articleView.html?idxno=744201,"발전소 건설에 착수했다. 693만㎡ 부지에 들어서며, 2027년 상업운전이 목표다. OCI에너지는 2012년부터... 미국이 중국과 연계된 태양광 공급망에 대한 규제를 강화하면서 비(非)중국산 폴리실리콘의 전략적 가치가... "
2026-09-28,네이버뉴스,‘모아주택 1호’ 한양연립 첫 입주… 吳 “2031년까지 4만호 착공”,http://mcnews.co.kr/86710,매일건설신문=조영관 기자 | 서울시는 2022년 도입한 ‘모아주택’의 첫 준공 단지인 광진구 한양연립이... 서울시는 모아주택 심의기준을 적용해 규제를 완화해 사업 여건을 개선했다. 최고 층수는 10층에서 15층으로... 
2026-09-28,네이버뉴스,트럼프·맘다니 밀착에 공화당 당혹…중간선거 전략 '흔들',https://www.newsis.com/view/NISX20260928_0003805268,"개발 규제 등을 놓고 논의를 이어갔다. 올해 2월 두 번째 만남에서 맘다니 시장은 트럼프 대통령에게 '트럼프, 시에 건설하자'라는 제목의 가짜 타블로이드 신문 1면을 선물하기도 했다. 트럼프 대통령은 지난해 뉴욕시장... "
2026-09-28,네이버뉴스,"빌 게이츠 ""AI, 20년 조정기 거친 뒤 풍요의 시대 연다""",https://www.digitaltoday.co.kr/news/articleView.html?idxno=703158,"주택 건설과 식량 생산 등 실물 영역까지 바꾸면서 풍요의 시대로 이어질 수 있다는 전망이 나왔다. 27일... 이와 관련해 빌 게이츠는 AI 안전장치와 규제가 필요하다는 입장을 강조했다. 그는 AI가 ""10억명의 죽음을... "
2026-09-28,네이버뉴스,"충남환경운동연합 ""묻지마식 AI데이터센터 유치 멈춰야""",http://www.dtnews24.com/news/articleView.html?idxno=815551,"지난 7월 뉴욕주는 미국 최초로 대형 데이터센터 신규 건설을 1년간 중단했고, 시카고 교외 지자체들도 신규 허가를 잇달아 멈췄다. 올해 상반기에만 규제 법안이 300건 넘게 발의됐고 허가를 중단한 지자체는 100곳을... "
2026-09-28,네이버뉴스,"미국과 중국, 부자를 다루는 두 가지 방식",https://newscham.net/articles/117233,"“개인적으로 나는 그런 종류의 [검열]을 하면서 현대적인 지식사회를 건설할 수는 없다고 생각한다.”... 10년이 지난 지금 중국은 이런 규제를 한층 더 강화하려는 움직임을 보이고 있으며, 세금 납부 단속을... "
2026-09-28,네이버뉴스,입주물량 65% 증가…마냥 좋아할 수 없는 이유,https://www.econovill.com/news/articleView.html?idxno=752019,"문상동 구도D&C 대표는 ""최근 시중은행의 가계대출 총량 관리와 DSR(총부채원리금상환비율) 규제 강화로... 또한 ""시행사와 건설사의 잔금 회수가 지연될 경우 후속 주택 사업의 자금 조달 여건마저 악화돼 건설업계... "
2026-09-28,네이버뉴스,보편형 공공임대 19만가구… '입주' 아닌 착공·약정 기준,http://www.the-biz.co.kr/news/articleView.html?idxno=728418,"건설형보다 공급 기간을 줄일 수 있는 매입형은 내년 5000가구가 예정됐다. 정부는 역세권 주택과 오피스텔, 수도권 규제지역의 무순위 청약 물량 등을 사들여 임대주택으로 활용할 계획이다. 청년이 원하는... "
2026-09-28,네이버뉴스,"[르포]“사막처럼 철저히 통제”…효성重, 2540억 투입 HVDC 변압기 신공...",https://biz.heraldcorp.com/article/10885879?ref=naver,"한전 HVDC 국산화 사업자 선정 효성중공업은 HVDC 신공장 건설과 함께 ‘국산화’에도 속도를 낸다는... 특히 유럽은 차단기 관련 친환경 규제가 강화되는 추세로, 오는 2028년부터 육불화황(SF6) 가스를 사용하는... "
2026-09-28,네이버뉴스,"베선트 미 재무장관 ""미국 경제, 가속 국면 진입""",https://www.tokenpost.kr/news/cryptocurrency/414865,"미국 경제가 감세와 규제 완화 효과를 바탕으로 성장 속도를 높이고 있으며, 물가 압력 없이 확장할 수 있다는 진단이 나왔다. 스콧 베선트 미국 재무장관은 제조업과 공장 건설, 임금 상승을 근거로 민간 부문 중심의... "
2026-09-28,네이버뉴스,"골드만삭스, 데이터센터 BTM 전력 2030년 67GW 전망",https://www.tokenpost.kr/news/ai/414935,"실제 보급 규모는 데이터센터 건설 속도, 전력망 증설, 발전 장비 공급, 지역별 규제에 따라 달라질 수 있다. 전력망 병목은 데이터센터뿐 아니라 AI 인프라 전반의 핵심 변수로 떠올랐다. 본지는 앞서 2030년... "
2026-09-28,네이버뉴스,"[아시아라운드업 20260928] '현상 관리' 미중 정상회담, APEC·G20서 '2라운...",http://kor.theasian.asia/archives/416819,수출 규제 등에 관한 논의 내용은 공개되지 않았음. 연말 정상회의를 앞두고 이를 둘러싼 팽팽한 기싸움이... 앞서 미중은 지난 5월 트럼프 대통령 방중 당시 '건설적 전략 안정' 관계 구축에 합의한 바 있음. 중국 측은 시... 
2026-09-28,네이버뉴스,커지는 中 AI 시장…복잡해진 삼전·하이닉스 '메모리 셈법',https://dealsite.co.kr/articles/169685,컴퓨팅센터 건설 협약을 맺었다. 약 두 달 뒤인 지난 24일에는 서버 64대를 5억7600만위안(1163억원)에... 특히 SK하이닉스에는 중국 규제가 변수다. SK하이닉스는 2021년 인텔(Intel)의 NAND 사업을 인수하면서 중국... 
2026-09-28,네이버뉴스,트럼프·맘다니 '브로맨스'에 뉴욕 공화당 후보들 당혹,https://www.slist.kr/news/articleView.html?idxno=769267,지난 2월 두 번째 회동에서는 뉴욕시의 주택 개발을 촉진하기 위한 용도지역 규제 개편을 논의했다. 최근 회동에서도 퀸스의 철도 차량기지 위에 수천 채의 주택을 건설하는 방안을 다뤘다. 블레이크먼 후보는 두 사람의... 
2026-09-28,네이버뉴스,"[현장너머]투기공화국 탈출, 각론이 중요하다",https://view.asiae.co.kr/article/2026092809085656569,부동산으로 흘러 들어갈 금융을 틀어쥐고 광범위하게 규제지역으로 묶어 살 집만 사도록 강제해도 이를... 일제시대에도 있었다는 부동산 투기 신화를 벗어나는 일은 결코 계곡 정비보다 쉽지 않다. 건설부동산부 최대열
2026-09-28,네이버뉴스,AI 공포와 핵 규제[오후여담],https://www.munhwa.com/article/11619799?ref=naver,기지 건설로 불거진 제3차 세계대전 위기가 종결된 뒤 이렇게 얘기했다. “우리의 공통점은 모두가 이... 불평등한 내용과 예외 사례(인도·파키스탄·이스라엘 등)가 적지 않아 실효성 논란이 끊이지 않는 핵 규제다.... 
2026-09-28,네이버뉴스,코스피 7000 공방전 예고…변수는 美 고용과 마이크론 실적,https://www.junggi.co.kr/news/articleView.html?idxno=37901,"이란은 중재국을 통해 미국의 최종 입장을 기다리겠다고 밝혔고, 백악관 관계자는 중재국을 통해 건설적... 반면 희토류 공급, 첨단 반도체와 AI 기술 규제 같은 주요 쟁점에서는 성과가 없었다며, 이번 주 증시에... "
2026-09-28,네이버뉴스,"율촌, 메가프로젝트 전략지원센터 출범…첨단산업 자문 강화",https://view.asiae.co.kr/article/2026092810592823687,"수조원 규모의 초대형 프로젝트는 인허가, 프로젝트 파이낸싱(PF), 정부 지원, 계약, 규제 대응 등 분야별... 센터는 단일 조직을 중심으로 기업법무·금융, 부동산·건설, 환경·에너지, 지식재산·기술, 정보통신·미디어... "
2026-09-28,네이버뉴스,"트럼프, 맘다니 '브로맨스'? 공화 내부 '부글부글'",https://biz.sbs.co.kr/article_hub/20000336957?division=NAVER,지난 2월 두 번째 회동에서 두 사람은 뉴욕시의 주택 개발을 촉진하기 위한 용도지역 규제 개편을 논의했습니다. 최근 회동에서도 퀸스의 철도 차량기지 위에 수천 채의 주택을 건설하는 방안을 논의했습니다. 블레이크먼... 
2026-09-28,네이버뉴스,트럼프·맘다니 '브로맨스'에 당혹…공화당 후보들 선거전략 '흔들',https://news.sbs.co.kr/news/endPage.do?news_id=N1008772549&plink=ORI&cooper=NAVER,지난 2월 두 번째 회동에서 두 사람은 뉴욕시의 주택 개발을 촉진하기 위한 용도지역 규제 개편을 논의했습니다. 최근 회동에서도 퀸스의 철도 차량기지 위에 수천 채의 주택을 건설하는 방안을 논의했습니다. 블레이크먼... 
2026-09-28,네이버뉴스,"장흥댐 물, 반도체 산업으로…""장흥도 성장 기회를""",https://www.newsis.com/view/NISX20260928_0003805041,장흥댐 건설로 수몰과 이주를 겪은 주민들이 수질 보전과 개발 제한까지 감내해 온 만큼 국가 첨단산업에... 주민들이 감내해 온 규제와 생활 불편에 상응해 생활 기반 시설을 확충하고 장흥댐의 물과 재생에너지를 활용한... 
2026-09-28,네이버뉴스,중동 불안·환율에 발목…기업 체감경기 한 달 만에 ‘부정’ 전환,https://www.khan.co.kr/article/202609281033001,"비제조업 내에서도 장기 침체를 겪는 건설업(95.3)은 고금리에 따른 금융비용 부담 탓에 여전히 어려움을... 하지만 일부 주력 품목을 뺀 제조업 전반의 기초체력 저하와 대외 변동성을 감안할 때, 규제 완화나 세제... "
2026-09-28,네이버뉴스,"트럼프 ""AI 주도권 포기 못 해""… 속도 조절 주장 앤트로픽과 회동",https://it.chosun.com/news/articleView.html?idxno=2023092170911,"시설을 건설 중인데 왜 이를 포기해야 하느냐""고 반문했다. 이는 중국과의 AI 기술 경쟁에서 우위를 유지하기 위해 기업 자율을 보장하고 규제를 최소화해야 한다는 입장을 재확인한 것이다. 반면 아모데이 CEO는 첨단... "
2026-09-28,네이버뉴스,포항 제조업 체감경기 더 얼어붙는다,https://www.kbsm.net/news/view.php?idx=535671,기타 제조업은 42로 전분기 67보다 25포인트 급락했다.포항상의는 철강업의 경우 건설경기 침체와 제조업 수요 둔화에 따른 내수 부진에다 미국의 철강 관세와 EU의 수입 규제 등으로 수출 여건도 어려운 것으로... 
2026-09-28,네이버뉴스,트럼프·맘다니 '브로맨스'에 당혹스러운 뉴욕 공화당 후보들,https://www.yna.co.kr/view/AKR20260928052700009?input=1195m,지난 2월 두 번째 회동에서 두 사람은 뉴욕시의 주택 개발을 촉진하기 위한 용도지역 규제 개편을 논의했다. 최근 회동에서도 퀸스의 철도 차량기지 위에 수천 채의 주택을 건설하는 방안을 논의했다. 블레이크먼 후보는... 
2026-09-28,네이버뉴스,강남 3구 내리고 외곽 뛰고…서울 아파트값 '키 맞추기',https://www.shinailbo.co.kr/news/articleView.html?idxno=5064103,"세제와 대출 규제 등 여파로 고가 주택에 대한 매수 부담이 커진 상황에서 상대적으로 가격 부담이 낮은... 최산 대한건설정책연구원 연구위원은 ""고가 주택 매수 위축에 따른 수요 이동과 중저가 주택을 중심으로... "
2026-09-28,네이버뉴스,"현대엘리베이터, 튀르키예법인 565억 투입…유럽 거점 값어치 증명 과제",https://dealsite.co.kr/articles/169500,"현대엘리베이터는 2016년 현지 건설·에너지 기업인 STFA그룹과 합작법인을 설립하며 경영권을 확보했고... 앞선 관계자는 ""튀르키예 정부가 자국 금융시장 보호를 위해 외국 기업의 외화 거래를 제한하는 규제를... "
2026-09-28,네이버뉴스,“강남 재건축 수억씩 빠진다…비강남은 신고가”,https://www.sedaily.com/article/20095417?ref=naver,"자금이 대형 건설사 수도권 사업장으로만 몰리면서 올해 7월까지 전국 주택 인허가 누적 물량이 2022년... 13%로 4주 연속 축소됐고, 전문가들 사이에서는 세제·대출 규제 강도에 따른 지역별 차별화 흐름이... "
2026-09-28,네이버뉴스,"트럼프, 이란의 휴전 제안 거부 [월드 투데이]",https://www.ktv.go.kr/content/view?content_id=761597,""" 한편, 앞서 미국 정부 관계자는 중재국을 통한 이란과의 접촉이 긍정적이고 건설적이었다고 설명해, 향후... 트럼프 대통령은 AI 산업의 주도권을 놓칠 수 없다며 규제 확대에는 부정적인 입장을 밝혔는데요. 트럼프... "
2026-09-28,네이버뉴스,"PF 자기자본 20% 규제 2년 유예…""주거사업장 기준 명확해야 공급효과""",https://www.bizwork.co.kr/news/articleView.html?idxno=419448,한국건설산업연구원은 28일 발표한 '부동산 PF 자기자본비율 규제 유예의 실효성 제고 방안' 보고서를 통해 주택공급 확대를 위한 규제 유예 취지에는 공감하면서도 복합개발 사업장 등에 대한 구체적인 적용 기준이... 
2026-09-28,네이버뉴스,“대구 경제 63%가 전통 제조업 의존… AI 접목한 대개조 매진할 것”[민...,https://www.munhwa.com/article/11619752?ref=naver,부동산 침체에 따른 건설업 악화 등 영향으로 지역경제가 2년간 역성장하고 있다. 그런데도 기계·금속·섬유... 수급 문제를 진작부터 해결하지 않고 세금을 매기고 규제를 하니 파장이 결국 지방에도 온다. 그래서... 
2026-09-28,네이버뉴스,미중 회담 진짜 승자는 한국? … 메모리·전력기기·조선 '반사이익' 기...,https://biz.newdaily.co.kr/site/data/html/2026/09/28/2026092800040.html,상호주의와 건설적 관계를 강조하며 관계 안정에 집중했다. 다만 합의문에 드러나지 않은 대만 문제와 미국이 불만을 표출한 농산물 수입 문제는 향후 양국 관계의 변수로 남아 있다. ◆ AI 규제 합의 부재…메모리 등 AI... 
2026-09-28,네이버뉴스,[오늘의 신문] 대미투자 확정 지연·서울 전셋값 상승…DMZ 폭발 조사와...,http://kor.theasian.asia/archives/416807,활주로 건설은 추진 속도가 변수다. 광주 군 공항 이전 문제까지 겹치면서 지역 공항 인프라 확충이 답보 상태라는 지적이 나온다.서울 공항로 일대 주택 규제 완화서울시가 마곡지구 개발에 맞춰 공항로 일대... 
2026-09-28,네이버뉴스,"건설근로자공제회, '건설노동자 대학생 장학금' 지원대상 모집",https://www.koscaj.com/news/articleView.html?idxno=326705,건설근로자공제회(이사장 장건)는 건설노동자와 대학생 자녀의 학업을 지원하기 위해 '2026년 2학기 건설노동자 대학생 장학금' 신청을 28일부터 10월23일까지 받는다고 밝혔다. 이번 장학금은 국내 4년제 대학이나... 
2026-09-28,네이버뉴스,"기업경기 전망, 한달 만에 꺾였다…10월 BSI '부정 전환'",https://www.m-i.kr/news/articleView.html?idxno=1418635,"정보통신과 여가·숙박 및 외식은 기준선에 걸쳤으며 그 외 건설(95.3), 운수 및 창고(95.5)는 부정 전망을... 이상호 한경협 경제본부장은 ""국내생산세액공제 적용 대상 확대를 통해 국내 산업 생산을 촉진하고 메가... "
2026-09-28,네이버뉴스,"건설근로자공제회, 노동자·자녀 150명에 장학금 200만원 지원",https://www.viva100.com/article/20260928501154,건설근로자공제회가 건설노동자와 대학생 자녀의 학업을 지원하기 위해 1인당 200만원의 장학금을 지급한다. 건설근로자공제회는 28일부터 다음 달 23일까지 ‘2026년 2학기 건설노동자 대학생 장학금’ 지원 신청을... 
2026-09-28,네이버뉴스,원화 강세에 제조업·수출 '흔들'…기업 경기전망 한달 만에 다시 악화,https://www.straightnews.co.kr/news/articleView.html?idxno=312064,"반면 건설업은 95.3으로 기준선을 밑돌았다. 장기간 이어진 업황 부진에 금리 상승에 따른 금융비용... 있다""며 ""국내생산세액공제 적용 대상 확대와 메가 특구 내 노동 특례 지원 등으로 기업 심리를 개선할... "
2026-09-28,네이버뉴스,"제조업 체감경기, 한 달 만에 '먹구름'",https://www.namdonews.com/news/articleView.html?idxno=924585,"다만 장기간 침체를 겪고 있는 건설업은 금리 인상에 따른 금융비용 부담 등의 영향으로 95.3에 머물렀다.... 있다""며 ""국내생산세액공제 적용 대상 확대를 통해 국내 산업 생산을 촉진하고 메가특구 내 노동 특례... "
2026-09-28,네이버뉴스,유타州는 돈보다 속도를 먼저 건넨다,http://www.smedaily.co.kr/news/articleView.html?idxno=363751,"대표 제도인 EDTIF는 사후 정산형 환급성 세액공제로, 그 사업이 새로 발생시킨 주(州) 세수(판매세·법인세... 데이터센터 건설과 노후 전력망 교체가 겹치면서 이 회사는 올해 6월까지 북미 빅테크 상대로만 1조 2000억... "
2026-09-28,네이버뉴스,기업 체감경기 한 달 만에 다시 악화…원화 올랐지만 수출 전망 '부정적...,https://www.econovill.com/news/articleView.html?idxno=752035,"정보통신과 여가·숙박 및 외식은 기준선에 걸렸고, 건설(95.3)과 운수 및 창고(95.5)는 부정적이었다.... 있다""며 ""국내생산세액공제 적용 대상을 넓혀 국내 생산을 촉진하고, 메가 특구 내 노동 특례 지원 등으로 기업... "
2026-09-28,네이버뉴스,기업 경기전망 한 달 만에 다시 '부정'…제조업·수출 회복 기대 꺾여,https://www.imaeil.com/page/view/2026092815272984148,"건설업은 금리 인상에 따른 금융비용 부담 등으로 95.3에 그쳤다. 부문별로는 수출과 내수의 흐름이... 있다""며 ""국내생산세액공제 적용 대상 확대를 통해 국내 산업 생산을 촉진하고, 메가 특구 내 노동 특례 지원... "
2026-09-28,네이버뉴스,"부산상의, 부산국세청장 초청 간담회…세제·세정 개선 건의",https://www.yna.co.kr/view/AKR20260928108000051?input=1195m,"조세 회피를 방지하겠다는 개정 취지에는 공감하지만, 전문 건설·창고·운송업 등 숙련 기술과 거래망을 쌓아온 기업들까지 업종 분류만으로 공제 대상에서 제외될 수 있다고 지적했다. 특히 인수 주체가 많지 않은... "
2026-09-28,네이버뉴스,기업 경기전망 한달만에 다시 '부정적'… 수출도 5개월 만에 꺾여,https://www.newscj.com/news/articleView.html?idxno=3436092,"반면 건설업은 95.3으로 여전히 기준선을 밑돌았다. 장기간 이어진 업황 부진에 금리 상승에 따른... 있다""며 ""국내생산세액공제 적용 대상 확대를 통해 국내 산업 생산을 촉진하고, 메가 특구 내 노동 특례 지원... "
2026-09-28,네이버뉴스,"미국, 2분기 태양광 직류 기준 11.4GW 추가…전년 대비 45% 증가",https://www.aitimes.com/news/articleView.html?idxno=215698,SEIA와 우드맥킨지는 세액공제 자격을 유지할 수 있는 세이프하버 프로젝트들이 가동 시한을 앞두고 건설을 서두른 점이 대규모 태양광 증가에 영향을 미쳤다고 분석했다. 지난 7월 착공기한이 지나면서... 
2026-09-28,네이버뉴스,중동 긴장·금리 인상에 ‘기업 심리’ 한달만에 악화,https://www.sedaily.com/article/20095580?ref=naver,다만 이달 102.4보다는 소폭 감소했고 건설업(95.3)을 포함한 일부 업종은 여전히 BSI 100을 밑돌고 있다.... “국내생산세액공제 적용 대상 확대를 통해 국내 산업 생산을 촉진하고 메가특구 내 ‘화이트칼라... 
2026-09-28,네이버뉴스,10월 기업경기 전망 '부정적'…중동긴장 재고조,https://www.shinailbo.co.kr/news/articleView.html?idxno=5066219,"정보통신과 여가·숙박 및 외식은 100을 기록했고 건설과 운수 및 창고는 각각 95.3, 95.5로 부정 전망을... 있다""며 ""국내생산세액공제 적용 대상 확대를 통해 국내 산업 생산을 촉진하고 메가 특구 내 노동 특례... "
2026-09-28,네이버뉴스,건설노동자 대학생·자녀 장학금 150명 선발,https://www.naeil.com/news/read/603475?ref=naver,건설근로자공제회(공제회)는 28일부터 10월 23일까지 ‘2026년 2학기 건설노동자 대학생 장학금’ 신청을 받는다. 이번 장학금은 국내 4년제 대학 또는 전문대학교에 재학 중인 건설노동자 본인이나 자녀 150명을 선발해... 
2026-09-28,네이버뉴스,재경위 국감 D-8…종부세 번복·가상자산 과세·대미투자·162조 기금 '4대...,https://www.newspim.com/news/view/20260928000562,"정부는 실거주 1세대 1주택자의 종합부동산세 기본공제를 공시가격 12억원에서 14억원으로 높이고, 비거주... 정부는 지난 22일 총사업비 223억달러(약 30조원) 규모의 미국 텍사스주 엔시날 가스복합화력발전소 건설... "
2026-09-28,네이버뉴스,"기업경기전망, 한달만에 다시 부정",https://biz.heraldcorp.com/article/10886079?ref=naver,"반면 건설은 95.3, 운수 및 창고는 95.5로 기준선을 밑돌았다. 한경협은 수입물가 부담 완화와 내수 개선... “국내생산세액공제 적용 대상 확대를 통해 국내 산업 생산을 촉진하고 메가 특구 내 노동 특례 지원... "
2026-09-28,네이버뉴스,10월 기업경기전망 다시 악화…수출도 5개월 만에 부정 전환,https://www.thepowernews.co.kr/view.php?ud=202609281117309670de3f0aa1be_7,"정보통신과 여가·숙박 및 외식은 100을 기록했고 건설은 95.3, 운수 및 창고는 95.5로 기준선을 밑돌았다.... 있다""며 ""국내생산세액공제 적용 대상 확대와 메가특구 내 노동 특례 지원 등을 통해 기업 심리를... "
2026-09-28,네이버뉴스,건설노동자 대학생 본인·자녀 150명에 200만원…오늘부터 장학생 모집,https://www.gosiweek.com/article/1065577132322635,건설근로자공제회는 건설노동자와 대학생 자녀의 학업을 지원하기 위한 ‘2026년 2학기 건설노동자 대학생 장학금’ 지원 대상자를 28일부터 모집한다고 밝혔다. 선발 인원은 건설노동자 본인과 자녀를 합쳐 총... 
2026-09-28,네이버뉴스,"건정연, 개원 20주년 기념식-세미나 개최...건설산업 새로운 20년 논한다",https://news.bbsi.co.kr/news/articleView.html?idxno=4108844,"건설산업의 미래를 선제적으로 제시하는 정책 리더로 자리매김하겠다""라고 강조했습니다. 이번 개원 20주년 기념식과 세미나는 국회 국토교통위원회와 국토교통부, 대한전문건설협회, 전문건설공제조합이 후원합니다."
2026-09-28,네이버뉴스,9월 반짝 회복했던 기업경기 다시 꺾여,http://www.wowtv.co.kr/NewsCenter/News/Read?articleId=A202609280063&t=NN,제조업 내부에서도 금속·금속가공제품과 자동차·기타운송장비는 각각 107.7과 106.1로 긍정 전망을... 다만 건설업은 95.3으로 여전히 기준선을 밑돌았다. 한경협은 수입물가 부담 완화와 내수 개선 기대가... 
2026-09-28,네이버뉴스,제조업·수출 경기전망 '먹구름'…비제조업·내수는 선방,http://www.whitepaper.co.kr/news/articleView.html?idxno=267227,"다만 건설업은 비제조업의 긍정적인 흐름에서 벗어났다. 한경협은 수입 물가 부담 완화와 내수 개선에... 있다""며 ""국내생산세액공제 적용 대상 확대를 통해 국내 산업 생산을 촉진하고 메가특구 내 노동 특례 지원... "
2026-09-28,네이버뉴스,10월 경기전망 다시 꺾였다…제조업·수출 '동반 부진',http://www.joseilbo.com/news/news_read.php?uid=576398&class=1&grp=,"건설과 운수 및 창고는 각각 95.3과 95.5로 부정적인 전망을 보였다. 한경협은 수입물가 부담 완화와 내수... 있다""며 ""국내생산세액공제 적용 대상 확대를 통해 국내 산업 생산을 촉진하고, 메가 특구 내 노동 특례... "
2026-09-28,네이버뉴스,원화 강세·중동 긴장 재고조에…기업경기전망 한 달 만에 '부정' 전환,https://www.industrynews.co.kr/news/articleView.html?idxno=86590,"다만 고금리에 따른 금융비용 부담이 이어진 건설업(95.3)은 여전히 기준선을 밑돌며 침체 국면을... 있다""며 ""국내생산세액공제 적용 대상 확대를 통해 국내 산업 생산을 촉진하고, 메가 특구 내 노동 특례 지원... "
2026-09-28,네이버뉴스,중동 긴장 재고조에 기업 경기전망 한 달 만에 다시 ‘부정적’,https://news.kbs.co.kr/news/pc/view/view.do?ncd=8672502&ref=A,겪는 건설업(95.3)은 금리 인상에 따른 금융비용 부담 등으로 여전히 기준선을 밑돌고 있습니다.... “국내생산세액공제 적용 대상 확대를 통해 국내 산업 생산을 촉진하고 메가특구 내 노동 특례 지원 등으로... 
2026-09-28,네이버뉴스,중동 지정학적 위기 재발… 제조업·비제조업 경기 기대감 먹구름,https://www.fntoday.co.kr/news/articleView.html?idxno=393961,"다만 비제조업 중에서도 건설업(95.3)은 금리 부담과 장기 침체 여파로 여전히 기준선을 하회했다.... 우려된다""며 ""국내생산세액공제 확대와 메가특구 내 노동 특례 지원 등 정책적 지원을 통해 기업 심리를 개선할... "
2026-09-28,네이버뉴스,중동 긴장에 기업심리 위축···10월 BSI 98.6,https://www.thereport.co.kr/news/articleView.html?idxno=91765,"반면 건설 95.3과 운수 및 창고 95.5는 부정적인 전망을 나타냈다. 한경협은 수입 물가 부담 완화와 내수... 있다""며 ""국내생산세액공제 적용 대상 확대를 통해 국내 산업 생산을 촉진하고 메가특구 내 노동 특례... "
2026-09-28,네이버뉴스,"”美 중간선거, ‘블루 웨이브’ 수혜주는 태양광·ESS·전력기기…반도...",https://www.chosun.com/economy/money/2026/09/28/5HRH2ES5VBDOZLEBGUI5KXLA4Y/?utm_source=naver&utm_medium=referral&utm_campaign=naver-news,민주당 지도부가 다수당이 되면 트럼프 행정부가 축소한 청정에너지 세액공제를 복원하고 ESS 투자를... 미국 내 데이터센터 건설이 늦어지더라도 빅테크의 글로벌 분산 투자가 이어진다는 이유다. 관세는 대통령... 
2026-09-28,네이버뉴스,기업 경기전망 한 달 만에 ‘부정적’…중동 긴장 재고조 영향,https://www.sentv.co.kr/article/view/sentv202609280013,"6) 등이 호조를 이끌었으나, 장기 침체에 빠진 건설업(95.3)은 고금리에 따른 금융비용 부담으로 여전히... “국내생산세액공제 적용 대상을 확대해 국내 산업 생산을 적극적으로 촉진하고, 메가특구 내 노동 특례... "
2026-09-28,네이버뉴스,"서울시회, 김남근 국회의원 간담회 개최",https://www.koscaj.com/news/articleView.html?idxno=326677,시회는 △소규모 전문공사의 전문시공 제도화 △의제부대공사 범위 확대 △종합공사 동일업종 하도급 제한 △무등록 시공 근절 및 공정한 시장질서 확립 △전문건설업 가업상속 공제제도 개선 등 5개 주요 현안을... 
2026-09-28,네이버뉴스,"기업 경기 전망, 한 달 만에 '부정적' 전환…중동 재긴장 영향",http://www.newscape.co.kr/news/articleView.html?idxno=124761,"겪는 건설업(95.3)은 금리 인상에 따른 금융 비용 부담 등으로 여전히 기준선을 밑돌었다. 부문별로는... 있다""며 ""국내생산세액공제 적용 대상 확대를 통해 국내 산업 생산을 촉진하고 메가특구 내 노동 특례... "
2026-09-28,네이버뉴스,중동사태 장기화 수출 심리 위축에 10월 기업 경기 전망 '부정' 전환,http://www.srtimes.kr/news/articleView.html?idxno=213312,"반면 건설업은 95.3으로 침체가 지속됐다. 부문별로는 내수 BSI가 101.4로 원화 강세로 인한 수입 원자재 및... 있다""면서 ""국내생산세액공제 적용 대상 확대를 통해 국내 산업 생산을 촉진하고 메가 특구 내 노동... "
2026-09-28,네이버뉴스,"중동 긴장·원자재값 불안에…기업 경기전망, 한 달 만에 다시 '부정적...",https://www.youthdaily.co.kr/news/article.html?no=227639,"다만 건설업 BSI는 95.3으로 기준선을 밑돌았다. 장기 침체가 이어지는 가운데 금융비용 부담 등이... 이어 ""국내생산세액공제 적용 대상 확대를 통해 국내 산업 생산을 촉진하고 메가특구 내 노동 특례 지원 등으로... "
2026-09-28,네이버뉴스,"""다시 100 밑으로"" 중동 긴장에 기업 경기전망 한 달 만에 꺾였다",https://www.newsway.co.kr/news/view?ud=2026092808491086182,"반면 건설업은 95.3으로 금리 상승에 따른 금융비용 부담 등의 영향으로 기준선을 밑돌았다. 부문별로는... 있다""며 ""국내생산세액공제 적용 대상 확대를 통해 국내 산업 생산을 촉진하고 메가특구 내 노동 특례... "
2026-09-28,네이버뉴스,중동 긴장 재고조…기업 체감경기 한달 만에 다시 꺾였다,https://www.fnnews.com/news/202609280816257058,"다만 장기 침체를 겪고 있는 건설업은 금리 인상에 따른 금융비용 부담 등으로 인해 여전히 기준선을... 있다""며 ""국내생산세액공제 적용 대상 확대를 통해 국내 산업 생산을 촉진하고, 메가 특구 내 노동 특례... "
2026-09-28,네이버뉴스,청약통장 8.2조원 빠졌다… 종합저축 전환 기한 1년 더 연장,https://www.rcast.co.kr/news/articleView.html?idxno=31719,"주택도시기금은 공공임대주택 건설과 디딤돌·버팀목 대출, 주택사업자 융자 등에 활용됩니다. 청약통장... 일정 요건을 충족한 무주택 세대주 등은 연 300만원 한도에서 납입액의 40%를 소득공제받을 수 있으며... "
2026-09-28,네이버뉴스,600대 기업 10월 BSI 98.6…한 달 만에 다시 '부정적',https://www.jnilbo.com/news/articleView.html?idxno=90000069011,"겪는 건설업(95.3)은 금리 인상에 따른 금융비용 부담 등으로 여전히 기준선을 밑돌고 있다. 내수·수출... 있다""며 ""국내생산세액공제 적용 대상 확대를 통해 국내 산업 생산을 촉진하고 메가특구 내 노동 특례... "
2026-09-28,네이버뉴스,중동 지역 긴장 재고조…국내 기업 경기전망 한 달만에 '부정적',https://www.itbiznews.com/news/articleView.html?idxno=226308,"있는 건설업은 금리 인상에 따른 금융비용 부담 등으로 인해 여전히 기준선을 하회하고 있다""고... 있다""며, ""국내생산세액공제 적용 대상 확대를 통해 국내 산업 생산을 촉진하고 메가 특구 내 노동 특례 지원... "
